,run_number,event_number,cs2_bottom,cs2_bottom_new,cs2_new,cs2_top,cs2_top_new,s2_bottom,s2_top,x_observed,y_observed,z_observed,s2_over_tdiff,alt_s1_interaction_z,alt_s2_interaction_s2_range_50p_area,alt_s2_interaction_s2_range_80p_area,alt_s2_interaction_x,alt_s2_interaction_y,alt_s2_interaction_z,r_pos_correction,s1_largest_hit_area,s1_n_contributing_channels,s1_pattern_fit,s1_range_80p_area,s1_rise_time,s1_tight_coincidence,s2_n_contributing_channels,s2_pattern_fit,s2_range_80p_area,s2_rise_time,sum_s1s_before_main_s2,x_nn,y_nn,z_pos_correction,nearest_1e5pe_event,nearest_1e6pe_event,nearest_3e5pe_event,nearest_busy,nearest_busy_off,nearest_busy_on,nearest_event,nearest_hev,nearest_hev_off,nearest_hev_on,nearest_muon_veto_trigger,nearest_s2_area,next_1e5pe_event,next_1e6pe_event,next_3e5pe_event,next_busy,next_busy_off,next_busy_on,next_event,next_hev,next_hev_off,next_hev_on,next_muon_veto_trigger,next_s2_area,previous_1e5pe_event,previous_1e6pe_event,previous_3e5pe_event,previous_busy,previous_busy_off,previous_busy_on,previous_event,previous_hev,previous_hev_off,previous_hev_on,previous_muon_veto_trigger,previous_s2_area,area_before_main_s2,n_peaks,n_pulses,n_true_peaks,total_peak_area,cs1,cs2,drift_time,largest_coincidence,largest_other_s1,largest_other_s2,largest_unknown,largest_veto,s1,s1_area_fraction_top,s1_range_50p_area,s2,s2_area_fraction_top,s2_range_50p_area,x,y,z,event_duration,event_time,source,name,pax_version,lax_version,CutLowEnergyAmBe,distance_to_source,CutAmBeFiducial,CutS1LowEnergyRange,CutS2Threshold,CutInteractionPeaksBiggest,CutS2AreaFractionTop,CutS2SingleScatterSimple,CutDAQVeto,CutEndOfRunCheck,CutBusyTypeCheck,CutBusyCheck,CutHEVCheck,CutS1SingleScatter,pvalue_s1_area_fraction_top,CutS1AreaFractionTop,CutS2PatternLikelihood,CutS2Tails,CutS1PatternLikelihood,CutS2Width,CutS2WidthHigh,CutS2WidthLow,CutS1MaxPMT,CutSingleElectronS2s,CutLowEnergyRn220,r,CutFiducialCylinder1T,CutLowEnergyBackground,CutPreS2Junk
68,6377,19617,2688.926522458292,2658.6270836874723,6735.405508249129,4123.240035900498,4076.7784245616563,1447.128722569847,2219.048767664528,-7.854023387123171,25.208105137189335,-43.17839950323105,0.001426490896163354,,,,,,,1.165088415145874,2.8925583362579346,29.0,186.93441772460938,175.00467211717788,41.701160273817784,24.0,205.0,321.85675048828125,2398.5674309978317,1083.2218901723381,47.15793991088867,-9.139971733093262,25.404647827148438,-0.17915207147598267,87035465,428379755,87035465,-1227692000,-1227692000,-1246634440,87035465,368395560000000000,368395560000000000,368395560000000000,-2764914240,411359.71875,87035465,428379755,87035465,8341562200,8356116350,8341562200,87035465,368395560000000000,368395560000000000,368395560000000000,2846491410,411359.71875,152584570,885077440,334443040,1227692000,1227692000,1246634440,152584570,368395560000000000,368395560000000000,368395560000000000,2764914240,217660.5,61.09830057621002,38,553,9,4031.9684761166573,50.24128235490616,6812.166558358789,301550.0,0.0,0.0,63.4782829284668,0.0,0.0,47.15793991088867,0.14971180260181427,88.21930486848775,3666.177490234375,0.6052758693695068,1115.5072401738303,-8.200594902038574,26.320453643798828,-43.35755157470703,2000000,1484728082936745160,none,170118_0728,6.4.2,0.11.1,True,66.81541907964468,True,True,True,True,True,True,True,True,True,True,True,True,0.3726577135226117,True,True,True,True,True,True,True,True,True,True,27.568388359907875,True,True,True
447,6371,14009,2447.145137435059,2600.0075228114233,6387.376360486722,3564.697853169403,3787.3688376752984,981.9620851324289,1430.400707836321,-9.347926610557662,31.598197707254226,-63.71711852028966,0.004732752582757671,,,,,,,2.3571479320526123,2.989753246307373,36.0,184.64480590820312,148.34831668080955,43.890196670533044,33.0,194.0,286.9065856933594,3061.5968586287627,1519.4357459622236,58.5314826965332,-11.034093856811523,32.675933837890625,-0.0576922707259655,103384805,103384805,103384805,-2740468320,-2740468320,-2741468310,-100775610,368395560000000000,368395560000000000,368395560000000000,487263280,778229.25,103384805,103384805,103384805,3999774030,4032471150,3999774030,103384805,368395560000000000,368395560000000000,368395560000000000,487263280,778229.25,145281245,145281245,145281245,2740468320,2740468320,2741468310,100775610,368395560000000000,368395560000000000,368395560000000000,674317030,254.35263061523438,101.94174221158028,47,574,12,2760.387059301138,53.83023745713831,6011.842990604462,444180.0,0.0,0.0,38.221580505371094,2.105203628540039,0.0,58.5314826965332,0.10548266768455505,71.7686129562212,2412.36279296875,0.59294593334198,1300.2529509761184,-10.016611099243164,33.8585090637207,-63.774810791015625,2000000,1484705448682782470,none,170118_0127,6.4.2,0.11.1,True,68.12272086031915,True,True,True,True,True,True,True,True,True,True,True,True,0.36451231473561385,True,True,True,True,True,True,True,True,True,True,35.30908004935187,True,True,True
2040,6335,6606,1519.3705936190925,1337.2878554070865,3773.875813525159,2768.349445007134,2436.5879581180725,595.0526578797071,1084.2079622374804,7.09972772436209,-6.126250279028131,-65.25216197036207,0.0019895214619452257,,,,,,,0.625058650970459,3.104236364364624,24.0,159.0029754638672,131.32537694861747,30.93478182630234,20.0,188.0,285.1076965332031,2802.2374057940856,1413.628702917667,37.35139083862305,6.92076301574707,-7.328387260437012,-0.015454301610589027,-283558640,-283558640,-283558640,-979634530,-979634530,-980634520,-283558640,368395560000000000,368395560000000000,368395560000000000,-4226291980,749410.9375,360741730,895627660,360741730,7654845210,7666368380,7654845210,360741730,368395560000000000,368395560000000000,368395560000000000,6123052020,749410.9375,283558640,283558640,283558640,979634530,979634530,980634520,283558640,368395560000000000,368395560000000000,368395560000000000,4226291980,564146.0,51.70581662654877,36,429,6,1845.3241797685623,32.636905419021105,4287.720038626227,454840.0,0.0,0.0,28.76013946533203,0.0,0.0,37.35139083862305,0.1720997393131256,72.53674700003742,1679.2606201171875,0.6456460356712341,1296.3084852139482,7.572962284088135,-6.534597396850586,-65.26761627197266,2000000,1484609370360686380,none,170116_2308,6.4.2,0.11.1,True,71.42083751189696,True,True,True,True,True,True,True,True,True,True,True,True,0.6409237672185187,True,True,True,True,True,True,True,True,True,True,10.002535723262769,True,True,True
2746,6325,12987,2583.0911172048814,2575.555795859758,6489.5968141521025,3925.4923550788503,3914.0410182923442,1968.795602839964,2991.954885441286,-13.59016394549279,20.475663469562146,-18.711359307169914,0.010678487897508917,,,,,,,0.38085901737213135,2.6488473415374756,15.0,101.33805084228516,119.33727103183767,40.23315584708398,12.0,213.0,362.6675720214844,1607.3806487931647,771.1417531579093,19.059906005859375,-13.607996940612793,20.740833282470703,-0.229016974568367,12849880,464236480,12849880,-683009440,-683009440,-693659310,12849880,368395560000000000,368395560000000000,368395560000000000,-2050768180,683416.25,12849880,464236480,12849880,3911556150,3927193940,3911556150,12849880,368395560000000000,368395560000000000,368395560000000000,6176862290,683416.25,33732105,709157770,33732105,683009440,683009440,693659310,33732105,368395560000000000,368395560000000000,368395560000000000,2050768180,360207.875,52.797632843256,65,503,9,5258.074515253305,24.648014002832497,6508.583472283732,131640.0,0.0,0.0,43.14461135864258,0.0,0.0,19.059906005859375,0.23792636394500732,67.45984273723997,4960.75048828125,0.6031254529953003,800.8354585635539,-13.800779342651367,20.792987823486328,-18.94037628173828,2000000,1484574395622995630,none,170116_1306,6.4.2,0.11.1,True,79.73631540069657,True,True,True,True,True,True,True,True,True,True,True,True,0.9999999999999992,True,True,True,True,True,True,True,True,True,True,24.956158620512962,True,True,True
3854,6298,18524,2386.210347618078,2418.265208610347,6401.330028958705,3930.2680515386896,3983.064820348358,1081.0801159896073,1780.6203234635177,-3.6157540401965202,-33.76415043179988,-54.90287855267525,0.012909602566885456,,,,,,,2.108781099319458,6.637892723083496,36.0,194.49159240722656,149.3502750468998,48.96881484602321,31.0,196.0,386.2980651855469,2660.135235811548,1173.8788240453273,55.89276885986328,-4.619321823120117,-34.0251579284668,-0.12084886431694031,-93082455,-93082455,-93082455,-6347618470,-6347618470,-6350284430,-93082455,368395560000000000,368395560000000000,368395560000000000,-540373610,255872.265625,151712095,212389580,212389580,13475299250,13484667660,13475299250,151712095,368395560000000000,368395560000000000,368395560000000000,763122370,255872.265625,93082455,93082455,93082455,6347618470,6347618470,6350284430,93082455,368395560000000000,368395560000000000,368395560000000000,540373610,1201657.5,77.12822562456131,55,448,9,3023.0215581953526,54.56975604735362,6316.478399156767,382970.0,0.0,0.0,25.216718673706055,4.592005252838135,0.0,55.89276885986328,0.16827785968780518,74.94028317908523,2861.700439453125,0.6222245693206787,1343.424810931077,-3.840296506881714,-35.86094284057617,-55.02372741699219,2000000,1484495749912512420,none,170115_1458,6.4.2,0.11.1,False,99.67875391547368,False,True,True,True,True,True,True,True,True,True,True,True,0.9999999999999986,True,True,True,True,True,True,True,True,True,True,36.065982569116834,True,True,True
4161,6293,2628,1962.7270492962678,1928.4089164687466,5122.059145048123,3250.4847058590854,3193.6502285793767,878.9370589869213,1455.6132339818287,32.035303780193765,9.313892964257384,-55.68623922765255,0.002582946924113207,,,,,,,2.096501350402832,2.572836399078369,12.0,105.54939270019531,151.2419740793848,45.747752608675974,11.0,204.0,229.9910888671875,2300.81351423941,1101.601139474512,20.01276397705078,31.317651748657227,10.478006362915039,-0.11256219446659088,16046665,-429389340,-409610995,-2821410540,-2821410540,-2841956420,5729505,368395560000000000,368395560000000000,368395560000000000,2776489030,38020.18359375,16046665,1521195405,434216265,3181371960,3204583870,3181371960,5729505,368395560000000000,368395560000000000,368395560000000000,2776489030,38020.18359375,409610995,429389340,409610995,2821410540,2821410540,2841956420,124341650,368395560000000000,368395560000000000,368395560000000000,4894482140,48888.73828125,24.91947293281555,18,348,4,2431.5131316184998,19.476503480298106,5213.211755155353,388410.0,0.0,0.0,32.544349670410156,0.0,0.0,20.01276397705078,0.059641335159540176,94.3968249745034,2334.55029296875,0.6235090494155884,1230.149220882869,34.04844665527344,9.899190902709961,-55.79880142211914,2000000,1484474768819937800,none,170115_0958,6.4.2,0.11.1,True,40.720427776869215,True,True,True,True,True,True,True,True,True,True,True,True,0.2332991138375864,True,True,True,True,True,True,True,True,True,True,35.45829522361864,True,True,True
4826,6283,11740,2409.570281846536,2300.803806192253,6178.602120883292,4061.1144474494795,3877.7983146910387,785.4919617063715,1323.8762023561285,14.811417525849885,23.40107589974922,-77.71535816788673,0.0021150145876970704,,,,,,,2.6360254287719727,2.490734100341797,17.0,144.5293731689453,159.83331265563106,53.5471564779748,12.0,185.0,312.32135009765625,3240.0033103951473,1370.808167394667,28.271732330322266,14.156903266906738,24.412899017333984,0.10265675187110901,149228600,-1054316360,149228600,1370055070,1380263680,1370055070,149228600,368395560000000000,368395560000000000,368395560000000000,-379845230,630035.0,149228600,1368387845,149228600,1370055070,1380263680,1370055070,149228600,368395560000000000,368395560000000000,368395560000000000,1231576450,630035.0,262423190,1054316360,262423190,18662613960,18662613960,18681643830,258529620,368395560000000000,368395560000000000,368395560000000000,379845230,35.22093200683594,38.068133145570755,50,543,11,2364.8129243552685,23.30437522812531,6470.684729296016,541390.0,0.0,0.0,38.17405319213867,2.8554391860961914,0.0,28.271732330322266,0.19648799300193787,78.97432570817087,2109.3681640625,0.6276174187660217,1698.1023093849171,16.22119903564453,25.62843894958496,-77.61270141601562,2000000,1484440292804770390,none,170114_2355,6.4.2,0.11.1,True,51.667566672262836,True,True,True,True,True,True,True,True,True,True,True,True,0.1270349206520163,True,True,True,True,True,True,True,True,True,True,30.330581615699337,True,True,True
4849,6283,17217,2353.5308886080384,2339.809582251497,6356.105316264404,4039.848430182239,4016.295734012907,1176.3004550818441,2019.1260585900309,18.565905883203367,29.30158361805524,-47.99231876432896,0.0036525192512288484,,,,,,,2.0087697505950928,3.2071597576141357,33.0,183.8451690673828,157.59582784854442,37.239092211244824,28.0,202.0,372.5238342285156,2513.9432731186553,1106.3041618230661,48.64966583251953,16.99750328063965,29.144882202148438,-0.15385662019252777,121928815,-517238410,121928815,-965888510,-965888510,-976939930,121928815,368395560000000000,368395560000000000,368395560000000000,1079187800,425367.65625,121928815,1028418520,121928815,5285696060,5294156720,5285696060,121928815,368395560000000000,368395560000000000,368395560000000000,1079187800,425367.65625,146562770,517238410,517238410,965888510,965888510,976939930,146562770,368395560000000000,368395560000000000,368395560000000000,14222735290,111572.6171875,62.29573646187782,44,530,8,3480.4735616743565,50.648872548991676,6393.3793187902775,334980.0,0.0,0.0,38.40473175048828,0.0,0.0,48.64966583251953,0.19104310870170593,77.03344860629531,3195.426513671875,0.631879985332489,1225.9845869023557,19.641042709350586,30.998414993286133,-48.146175384521484,2000000,1484441305380135800,none,170114_2355,6.4.2,0.11.1,True,38.5337831577716,True,True,True,True,True,True,True,True,True,True,True,True,0.9999999999999984,True,True,True,True,True,True,True,True,True,True,36.69703381482651,True,True,True
5944,6264,1646,1974.309667367702,1916.2738184622986,5489.630280650744,3681.5783528841757,3573.3564621884457,1710.9671038712258,3190.512388316274,11.595797185100238,26.28082410499976,-9.694079995155334,0.00696410156657942,,,,,,,0.18726833164691925,2.778502941131592,22.0,143.00216674804688,157.58348624171546,43.4317994312604,16.0,212.0,442.7038269042969,1149.8909276930867,567.5985116096073,31.841371536254883,11.041802406311035,26.456907272338867,-0.19866788387298584,112213760,-236945855,-236945855,-221514510,-221514510,-235501260,112213760,368395560000000000,368395560000000000,368395560000000000,688314100,202842.15625,112213760,1512271045,405852595,1513743970,1517511420,1513743970,112213760,368395560000000000,368395560000000000,368395560000000000,688314100,202842.15625,236945855,236945855,236945855,221514510,221514510,235501260,236945855,368395560000000000,368395560000000000,368395560000000000,6081549840,1650115.0,46.175745129585266,40,434,8,5147.539468169212,44.159790648076296,5655.888020251878,69020.0,0.0,0.0,44.11838150024414,0.0,0.0,31.841371536254883,0.2729421555995941,74.6718693360204,4901.4794921875,0.6509284377098083,569.4600020906528,11.671393394470215,26.45215606689453,-9.89274787902832,2000000,1484369784917528510,none,170114_0451,6.4.2,0.11.1,False,62.200404641905294,False,True,True,True,True,True,True,True,True,True,True,True,0.7076044116290676,True,True,True,True,True,True,True,True,True,True,28.91259214176114,True,True,True
6302,6259,8820,3640.3153038398445,3440.2805361861633,9426.865229358753,6334.674061333659,5986.58469317259,2072.4235833678104,3606.3161627259396,25.80045968574701,15.833458170226743,-38.8468798995018,0.001289302876131145,,,,,,,1.3276419639587402,3.0227792263031006,31.0,182.54248046875,126.34889440259323,36.25112541296719,28.0,212.0,343.4627380371094,2104.262799613036,1057.9292830205852,47.44834899902344,24.77252769470215,16.94698715209961,-0.19500547647476196,146393495,146393495,146393495,-1798358410,-1798358410,-1799358410,146393495,368395560000000000,368395560000000000,368395560000000000,-3036215640,716256.625,146393495,146393495,146393495,4693022450,4696967700,4693022450,146393495,368395560000000000,368395560000000000,368395560000000000,4208684460,716256.625,154863200,1080906900,1080906900,1798358410,1798358410,1799358410,154863200,368395560000000000,368395560000000000,368395560000000000,3036215640,131279.453125,54.372734785079956,45,518,11,6037.5040202736855,52.210685572799775,9974.989365173504,271470.0,0.0,0.0,51.221534729003906,3.183823823928833,0.0,47.44834899902344,0.22972510755062103,61.53137214443889,5678.73974609375,0.6350557208061218,1021.4029917827245,26.9320125579834,16.52787971496582,-39.04188537597656,2000000,1484353015110413410,none,170113_2349,6.4.2,0.11.1,True,41.26366808010771,True,True,True,True,True,True,True,True,True,True,True,True,0.8624422657986895,True,True,True,True,True,True,True,True,True,True,31.59911562521575,True,True,True
8377,6217,12765,2288.826370295833,2409.0883161325387,5789.749441847716,3211.8981615388793,3380.6611257151776,947.1550128435047,1329.1377117658703,-29.53525623336678,11.672967121425444,-60.767999827861786,,,,,,,,2.1313743591308594,4.203985214233398,27.0,180.74404907226562,142.114450437362,40.90897246910117,25.0,191.0,329.04296875,2648.3990575000034,976.8126583092555,43.442623138427734,-30.216812133789062,13.29194164276123,-0.08680516481399536,200566905,544227430,200566905,545716130,573458110,545716130,-186564550,368395560000000000,368395560000000000,368395560000000000,333433830,477787.78125,200566905,544227430,200566905,545716130,573458110,545716130,200566905,368395560000000000,368395560000000000,368395560000000000,333433830,477787.78125,304235750,1616030515,304235750,11382772970,11382772970,11385075700,186564550,368395560000000000,368395560000000000,368395560000000000,2409002940,95.7231216430664,49.44820645451546,26,408,5,2403.5241216123104,40.61359111353681,5500.724531834712,423700.0,0.0,0.0,22.436185836791992,0.0,0.0,43.442623138427734,0.11607517302036285,73.5594629056151,2276.292724609375,0.5839045643806458,1325.3769627504817,-31.517436981201172,12.456367492675781,-60.85480499267578,2000000,1484233421208453170,none,170112_1424,6.4.2,0.11.1,False,93.5349070732365,False,True,True,True,True,True,True,True,True,True,True,True,0.5369347546309302,True,True,True,True,True,True,True,True,True,True,33.88967283667072,True,True,True
10134,6190,12377,2096.2962359950648,2020.5864247406726,5304.908709618824,3407.3833018394184,3284.322284878151,1527.0932697669778,2482.1835857017722,-14.83721534791982,-6.771434281609355,-21.60288056731224,0.0021848713843317944,,,,,,,0.251907080411911,3.7776691913604736,11.0,101.61809539794922,135.78704780867997,45.435051360468336,9.0,209.0,375.9514465332031,1623.9714621722253,722.7356388931094,16.06418800354004,-16.31309700012207,-7.24429178237915,-0.20909109711647034,209532170,209532170,209532170,742836580,756004710,742836580,155130500,368395560000000000,368395560000000000,368395560000000000,-2100461410,32.15624237060547,209532170,209532170,209532170,742836580,756004710,742836580,155130500,368395560000000000,368395560000000000,368395560000000000,3590808070,32.15624237060547,315634725,391463775,391463775,1252146240,1252146240,1276925860,315634725,368395560000000000,368395560000000000,368395560000000000,2100461410,272523.21875,20.736005067825317,44,553,17,4412.765205442905,20.328489916350236,5503.679537834483,151720.0,0.0,0.0,41.59666442871094,4.220802307128906,0.0,16.06418800354004,0.336953341960907,74.84678333578915,4009.27685546875,0.6191100478172302,772.4412245086614,-15.066384315490723,-6.876022815704346,-21.81197166442871,2000000,1484139296048535630,none,170111_1216,6.4.2,0.11.1,False,91.65434812862263,False,True,True,True,True,True,True,True,True,True,True,True,0.7884320390169854,True,True,True,True,True,True,True,True,True,True,16.561268855499918,True,True,True
11032,6175,9962,1641.7816968607942,1585.719832805532,4217.108152779595,2724.4189620957486,2631.3883199740626,1299.8322176816873,2156.9783291933127,25.560768618774866,1.1084868602568094,-15.835680142045021,0.0035282563259973897,,,,,,,0.3166649639606476,2.3098809719085693,12.0,94.4830322265625,144.13899570152785,35.176538975688075,10.0,206.0,296.83056640625,1340.7699948891254,615.4219138925358,15.884033203125,25.11434555053711,2.344796895980835,-0.21718774735927582,146506060,146506060,146506060,-1037981230,-1037981230,-1038981200,146506060,368395560000000000,368395560000000000,368395560000000000,1920318820,581609.0625,146506060,146506060,146506060,6382828650,6395518510,6382828650,146506060,368395560000000000,368395560000000000,368395560000000000,1920318820,581609.0625,385824930,385824930,385824930,1037981230,1037981230,1038981200,385824930,368395560000000000,368395560000000000,368395560000000000,2675353410,1361289.25,32.36850094795227,49,422,9,3690.8542360961437,21.228683568828274,4366.200658956543,111670.0,0.0,0.0,36.58985137939453,2.157582998275757,0.0,15.884033203125,0.29616275429725647,85.10291127095022,3456.810546875,0.6239793300628662,735.220852326315,25.87713623046875,1.122206687927246,-16.052867889404297,2000000,1484084604591622610,none,170110_2112,6.4.2,0.11.1,True,62.23098118300302,True,True,True,True,True,True,True,True,True,True,True,True,1.0,True,True,True,True,True,True,True,True,True,True,25.901458015730835,True,True,True
11099,6174,7583,3450.2798359283584,3058.804702684971,8645.836511685682,6302.077140251747,5587.031809000711,1930.2574797882698,3525.69418036798,9.101440518063194,-2.5396610180018357,-39.74112066626549,0.008563904109501079,,,,,,,0.3168359398841858,5.914940357208252,30.0,207.6811065673828,162.53694055853282,43.650322271454,24.0,212.0,384.5507507324219,2205.1272749957297,1038.2422264781685,47.79310607910156,8.459792137145996,-1.7428566217422485,-0.17984643578529358,-37187760,397109925,-66186745,5117873100,5137062130,5117873100,-37187760,368395560000000000,368395560000000000,368395560000000000,1139640350,996662.75,397109925,397109925,397109925,5117873100,5137062130,5117873100,397109925,368395560000000000,368395560000000000,368395560000000000,1139640350,996662.75,37187760,2020544565,66186745,5216915970,5216915970,5248230200,37187760,368395560000000000,368395560000000000,368395560000000000,7883099760,233330.5625,108.3160108923912,85,674,19,5994.109630227089,52.40549592217394,9752.356976180105,277680.0,0.0,0.0,69.32636260986328,3.285120725631714,0.0,47.79310607910156,0.2627296447753906,93.97269866046815,5455.95166015625,0.6462106704711914,1054.2400286410757,9.406618118286133,-2.6248176097869873,-39.92096710205078,2000000,1484080559991244260,none,170110_2012,6.4.2,0.11.1,True,66.46498768539811,True,True,True,True,True,True,True,True,True,True,True,True,0.49194461169332515,True,True,True,True,True,True,True,True,True,True,9.765968047660039,True,True,True
11741,6150,18836,1217.3325781029755,1076.9486845181882,2934.1306834879033,2099.2719368274215,1857.181998969715,942.9680877563078,1626.1344513061922,-2.3690139867667708,-1.3626248057927626,-17.31024006009102,0.011271875283356162,,,,,,,0.02387225441634655,3.032381296157837,5.0,70.82798767089844,197.55430641777616,58.289558342980655,4.0,203.0,278.56103515625,1328.0303635422458,543.7305213658526,9.993345260620117,-3.076580762863159,-2.27504301071167,-0.1874081790447235,-33306140,287981100,-33306140,-3645278070,-3645278070,-3674426010,-7324160,368395560000000000,368395560000000000,368395560000000000,2962994590,594880.4375,92325280,287981100,92325280,4370837800,4379877110,4370837800,92325280,368395560000000000,368395560000000000,368395560000000000,2962994590,594880.4375,33306140,1442373255,33306140,3645278070,3645278070,3674426010,7324160,368395560000000000,368395560000000000,368395560000000000,3900085140,135.3941192626953,27.20688110589981,54,385,10,2754.1763033866882,13.108961796785252,3316.6045149303973,121910.0,0.0,0.0,29.869722366333008,3.4332661628723145,0.0,9.993345260620117,0.0,121.84640416313421,2569.1025390625,0.632958173751831,656.4305040205215,-2.389707326889038,-1.3745273351669312,-17.497648239135742,2000000,1484030450193940570,none,170110_0542,6.4.2,0.11.1,False,80.59571261272778,False,True,True,True,True,True,True,True,True,True,True,True,0.03842534904651097,True,True,True,True,True,True,True,True,True,True,2.756814557294026,True,True,True
11992,6146,8568,3095.1807464882863,3090.140888056625,8772.405641552074,5691.532230599653,5682.264753495448,2113.077665041259,3885.604952146241,-35.286215954007595,1.8046015176834316,-25.9819203466177,0.004840926188166638,,,,,,,1.2898770570755005,3.9001119136810303,30.0,164.18844604492188,144.71943406376118,41.35186072452326,28.0,209.0,536.2461547851562,2140.3085496993226,1002.0161666374659,40.03753662109375,-36.254642486572266,3.0198676586151123,-0.2406863123178482,395993830,395993830,395993830,-477117960,-477117960,-482227400,39693290,368395560000000000,368395560000000000,368395560000000000,1104521450,1043.3936767578125,395993830,395993830,395993830,19799972950,19805646840,19799972950,39693290,368395560000000000,368395560000000000,368395560000000000,1104521450,1043.3936767578125,500798020,500798020,500798020,477117960,477117960,482227400,500798020,368395560000000000,368395560000000000,368395560000000000,3608249330,2424326.25,50.85835400223732,49,526,13,6365.6450473070145,48.58737483336881,8786.71297708794,182130.0,0.0,0.0,44.68537139892578,2.7426586151123047,0.0,40.03753662109375,0.18600410223007202,53.485978611673374,5998.6826171875,0.6477430462837219,901.4579774582221,-36.57440948486328,1.870482087135315,-26.222606658935547,2000000,1484014085949609930,none,170110_0141,6.4.2,0.11.1,False,104.31086330451902,False,True,True,True,True,True,True,True,True,True,True,True,0.2138668993024325,True,True,True,True,True,True,True,True,True,True,36.622208185809214,True,True,True
12470,6139,6058,3396.362558899975,3236.514794822649,9052.146445502245,6102.859046502268,5815.631650679596,1800.4310766582785,3235.1602319354715,-23.809791152377436,-9.494564068334107,-43.32959873974323,0.0019567565209703034,,,,,,,1.120145320892334,2.5857036113739014,40.0,184.4383544921875,156.67589800106026,47.3646682069022,35.0,210.0,403.4306335449219,2383.449356359122,1267.057225047679,53.50312042236328,-24.049171447753906,-10.519646644592285,-0.1811014860868454,61978700,61978700,61978700,148658210,162901410,148658210,61978700,368395560000000000,368395560000000000,368395560000000000,-1599436970,608340.125,61978700,61978700,61978700,148658210,162901410,148658210,61978700,368395560000000000,368395560000000000,368395560000000000,2103747380,608340.125,163460490,481944750,481944750,453253510,453253510,480467710,118021695,368395560000000000,368395560000000000,368395560000000000,1599436970,17193.1484375,71.93713653087616,41,543,9,5352.565099954605,56.24605363124374,9499.221605402243,302600.0,0.0,0.0,64.36731719970703,1.3221709728240967,0.0,53.50312042236328,0.259681761264801,69.41267869834846,5035.59130859375,0.6424588561058044,1086.6650544709241,-24.850261688232422,-9.909469604492188,-43.51070022583008,2000000,1483988354964910590,none,170109_1840,6.4.2,0.11.1,False,97.21066216897361,False,True,True,True,True,True,True,True,True,True,True,True,0.40563697698400203,True,True,True,True,True,True,True,True,True,True,26.753188479431508,True,True,True
12655,6130,13284,1057.093631050168,1038.843868166673,2975.3770782437996,1970.5530209292515,1936.5332100771263,374.63865410846483,698.3726984305977,31.280800679588676,9.162315130494639,-70.94015652500093,0.02732411470535012,,,,,,,2.679048538208008,2.1378519535064697,7.0,75.46941375732422,206.4169473044392,37.414387504733426,5.0,169.0,235.25428771972656,2335.521498567077,982.8629596412138,8.99514389038086,30.54844856262207,10.3612060546875,0.008798187598586082,-15390215,431834740,-15390215,-3822031470,-3822031470,-3851545330,-15390215,368395560000000000,368395560000000000,368395560000000000,1023983550,213860.5,41669610,431834740,404068565,8003998100,8013149330,8003998100,41669610,368395560000000000,368395560000000000,368395560000000000,1023983550,213860.5,15390215,1413783675,15390215,3822031470,3822031470,3851545330,15390215,368395560000000000,368395560000000000,368395560000000000,3052298150,420524.0,54.38530594110489,71,400,8,1271.6459267437458,7.854810558378404,3027.6466519794194,494340.0,0.0,0.0,37.950931549072266,1.9218263626098633,0.0,8.99514389038086,0.5370979309082031,86.49070569597518,1073.0113525390625,0.6508530378341675,1043.8311570115052,33.851829528808594,9.915383338928223,-70.93135833740234,2000000,1483975291308141610,none,170109_1440,6.4.2,0.11.1,True,45.4995697093168,True,True,True,True,True,True,True,True,True,True,True,True,0.0032342579806171807,True,True,True,True,True,True,True,True,True,True,35.2740866530292,True,True,True
14055,6106,6124,3323.8195648314336,3061.401610348541,8411.377313160923,5808.5661980023815,5349.975702812382,2345.937034450093,4099.660133518657,-8.353529360605043,-15.022850008363518,-23.600159987807274,0.003011449243263381,,,,,,,0.3079332411289215,3.5956923961639404,36.0,206.06716918945312,163.84649489475623,43.86396483949805,29.0,212.0,488.2367858886719,1764.6746154693574,785.3627012362566,54.55330276489258,-8.320300102233887,-16.127737045288086,-0.21112312376499176,-95988040,-200241400,-95988040,4964603680,4986393680,4964603680,56304290,368395560000000000,368395560000000000,368395560000000000,226642270,132.00408935546875,238409470,584881170,584881170,4964603680,4986393680,4964603680,56304290,368395560000000000,368395560000000000,368395560000000000,226642270,132.00408935546875,95988040,200241400,95988040,5689570480,5689570480,5693752100,95988040,368395560000000000,368395560000000000,368395560000000000,2481100290,205803.71875,68.01897355914116,47,483,9,6702.798148661852,68.98625534910434,9132.385762833816,165590.0,0.0,0.0,36.40802764892578,2.171938180923462,0.0,54.55330276489258,0.1363828331232071,91.06422975063785,6445.59716796875,0.6360403895378113,835.3727855421339,-8.503177642822266,-15.291975021362305,-23.811283111572266,2000000,1483896739058925570,none,170108_1713,6.4.2,0.11.1,False,91.24157934301644,False,True,True,True,True,True,True,True,True,True,True,True,0.010195588423211627,True,True,True,True,True,True,True,True,True,True,17.497100619227208,True,True,True
14686,6097,15286,1289.9472562962703,1234.6643012229324,3334.4601006679313,2193.8156206457265,2099.795799444999,544.1011051284004,925.3537288559746,25.55729605885405,5.067091801649115,-58.7519985884428,0.012087908424386569,,,,,,,1.578542947769165,1.5782709121704102,9.0,68.56535339355469,1354.490393617948,37.637462499090844,8.0,182.0,233.4729766845703,2769.472909493769,1425.0200918097435,10.18645191192627,25.576072692871094,5.601001262664795,-0.0940745621919632,-81738355,-81738355,-81738355,-236077460,-236077460,-255588240,72335450,368395560000000000,368395560000000000,368395560000000000,165906100,,626332325,994223900,744609065,5846003280,5871023500,5846003280,72335450,368395560000000000,368395560000000000,368395560000000000,165906100,,81738355,81738355,81738355,236077460,236077460,255588240,81738355,368395560000000000,368395560000000000,368395560000000000,1288959140,988045.75,35.12274122238159,62,428,5,1635.66159760952,9.62948232584722,3483.762876941997,409700.0,0.0,0.0,33.41023635864258,0.0,0.0,10.18645191192627,0.30912336707115173,79.05457607909308,1469.454833984375,0.6297258734703064,1089.1805620288608,27.10569953918457,5.37408447265625,-58.846073150634766,2000000,1483865913925813610,none,170108_0811,6.4.2,0.11.1,True,48.80486440736972,True,True,True,True,True,True,True,True,True,True,True,True,0.21595147994096314,True,True,True,True,True,True,True,True,True,True,27.63330836920899,True,True,True
16991,6060,529,996.6907763217737,960.0017169162907,2398.8573538318215,1493.845392671677,1438.8556369155306,533.4982641229362,799.6100122442513,2.3689603331599507,14.323941497419986,-42.225120544433594,0.0015230397059051086,,,,,,,0.5438773036003113,3.7045748233795166,37.0,217.96151733398438,142.68560016081938,43.64469497762843,30.0,184.0,314.11138916015625,3001.3020870736873,1551.9788802696883,63.8909912109375,2.687540054321289,16.267498016357422,-0.17271041870117188,-385681030,507706715,489874880,1315668200,1320850570,1315668200,-385681030,368395560000000000,368395560000000000,368395560000000000,1848450710,298960.78125,489874880,507706715,489874880,1315668200,1320850570,1315668200,489874880,368395560000000000,368395560000000000,368395560000000000,1848450710,298960.78125,385681030,810541690,810541690,5748350640,5748350640,5777650210,385681030,368395560000000000,368395560000000000,368395560000000000,1913131170,50388.92578125,74.76587697863579,30,523,11,1678.9907926619053,68.03733634260425,2490.5361689934507,294930.0,0.0,0.0,46.90028381347656,4.034187316894531,0.0,63.8909912109375,0.19522543251514435,78.4387182786686,1333.1082763671875,0.5998087525367737,1534.2203774350464,2.4577038288116455,14.860529899597168,-42.397830963134766,2000000,1483729885637755460,none,170106_1909,6.4.2,0.11.1,True,61.2699646781567,True,True,True,True,True,True,True,True,True,True,True,True,0.6507451071344406,True,True,True,True,True,True,True,True,True,True,15.062392140924258,True,True,True
17916,6035,8200,2473.251056034285,2270.229285030238,6398.2656948705135,4497.19791622257,4128.036409840276,1217.8521044255904,2214.4625928400346,-5.609945165652204,-17.753439194716965,-47.77200070023537,0.017410459898758418,,,,,,,0.8441519737243652,2.28141450881958,15.0,92.16043090820312,1879.6239659422724,60.89551172386976,12.0,205.0,366.356201171875,2277.267859178606,1104.5366302677241,18.90022087097168,-6.688364028930664,-18.36056900024414,-0.15066394209861755,-53042435,-53042435,-53042435,68367030,96949000,68367030,-53042435,368395560000000000,368395560000000000,368395560000000000,345613990,2337017.5,66685420,66685420,66685420,68367030,96949000,68367030,66685420,368395560000000000,368395560000000000,368395560000000000,345613990,2337017.5,53042435,53042435,53042435,1473457990,1473457990,1503014430,53042435,368395560000000000,368395560000000000,368395560000000000,1253674270,923493.1875,47.737998604774475,81,491,12,3665.2080263495445,19.39857329771371,6970.448972256854,333450.0,0.0,0.0,38.42573165893555,4.455785751342773,0.0,18.90022087097168,0.06327229738235474,100.51275824693653,3432.314697265625,0.6451805233955383,1200.1541668155814,-5.864294052124023,-18.558361053466797,-47.922664642333984,2000000,1483675347800843760,none,170106_0337,6.4.2,0.11.1,False,87.78621354572702,False,True,True,True,True,True,True,True,True,True,True,True,0.15047481618883876,True,True,True,True,True,True,True,True,True,True,19.462854613869222,True,True,True
20070,6004,14035,2275.232605807442,2420.323848274267,5957.523573309769,3325.155083437375,3537.199725035501,1089.2276142007468,1591.8595440023782,-30.284805744309978,13.938747457289136,-49.39776091277599,0.03354087181456821,,,,,,,1.900712490081787,2.422903299331665,24.0,150.53277587890625,199.1945211221597,59.01009517033265,18.0,204.0,288.1473693847656,2452.6439661978343,1170.015821456691,35.145320892333984,-31.19865608215332,14.459478378295898,-0.15202470123767853,-42334920,-42334920,-42334920,261575720,263233010,261575720,-42334920,368395560000000000,368395560000000000,368395560000000000,1338594360,445798.1875,202451105,258674650,202451105,261575720,263233010,261575720,202451105,368395560000000000,368395560000000000,368395560000000000,1338594360,445798.1875,42334920,42334920,42334920,1753206910,1753206910,1772971250,42334920,368395560000000000,368395560000000000,368395560000000000,1480742200,1419950.125,68.97921991348267,77,541,10,2950.87473487854,35.62308748578516,5600.387689244817,344740.0,0.0,0.0,37.68163299560547,6.91653299331665,0.0,35.145320892333984,0.11226378381252289,82.41731190472565,2681.087158203125,0.5937365889549255,1241.749469757407,-32.011417388916016,14.733429908752441,-49.54978561401367,2000000,1483560188439396230,none,170104_1919,6.4.2,0.11.1,False,92.63159573827701,False,True,True,True,True,True,True,True,True,True,True,True,0.38703144493668773,True,True,True,True,True,True,True,True,True,True,35.239250845094816,True,True,True
21232,5959,8331,1331.497379670025,1279.9274355274226,3342.0399084945325,2145.197671467333,2062.1124729671096,1155.8467590163928,1862.2040222336072,-19.326210606679542,-25.244341063990515,-9.256319716572762,0.0016044624972221778,,,,,,,0.2281600832939148,2.7918190956115723,10.0,90.52145385742188,150.58351601637145,46.70778885819506,8.0,205.0,265.7916259765625,1247.706289990187,630.879823804374,14.562644958496094,-19.44963836669922,-25.74147605895996,-0.21769075095653534,115632210,-636537315,115632210,-1110591710,-1110591710,-1140945720,55643860,368395560000000000,368395560000000000,368395560000000000,485479330,4186.94970703125,115632210,1698008985,115632210,4703587580,4704587580,4703587580,55643860,368395560000000000,368395560000000000,368395560000000000,485479330,4186.94970703125,347836360,636537315,485260860,1110591710,1110591710,1140945720,87369230,368395560000000000,368395560000000000,368395560000000000,1597860550,6745.2978515625,23.143046438694,35,371,8,3191.7915091514587,20.17763066097359,3476.695051137358,65980.0,0.0,0.0,31.004491806030273,11.191486358642578,0.0,14.562644958496094,0.495076060295105,95.20534016923303,3018.05078125,0.6170220971107483,640.4633695680775,-19.46490478515625,-25.425506591796875,-9.474010467529297,2000000,1483491390118579030,none,170104_0030,6.4.2,0.11.1,False,110.06294218986734,False,True,True,True,True,True,True,True,True,True,True,True,0.2739995007624564,True,True,True,True,True,True,True,True,True,True,32.02091353701054,True,True,True
21471,5955,5439,2225.3712527555494,2088.234116427462,5128.026626093866,3239.419762438423,3039.7925096664035,846.7874834391841,1232.6483075764409,10.338455697173307,12.253501195583272,-64.59839724563062,0.0011965182229832162,,,,,,,1.0591927766799927,2.6731362342834473,37.0,219.1400604248047,154.34762710018452,38.600665717073426,32.0,201.0,277.67437744140625,2604.457673549592,1444.6558636316436,56.831974029541016,10.222574234008789,13.022486686706543,-0.02923489548265934,32197335,327205095,32197335,328919190,350972840,328919190,32197335,368395560000000000,368395560000000000,368395560000000000,176098250,289408.25,32197335,327205095,32197335,328919190,350972840,328919190,32197335,368395560000000000,368395560000000000,368395560000000000,176098250,289408.25,428815095,1656178360,1656178360,10585402960,10585402960,10595397790,405469460,368395560000000000,368395560000000000,368395560000000000,832241240,502.21051025390625,100.5433280467987,27,508,10,2356.3398092389107,50.643283101478346,5464.791015193972,450300.0,0.0,0.0,34.504234313964844,2.5669119358062744,0.0,56.831974029541016,0.24473655223846436,88.46253592207457,2079.435791015625,0.5927801728248596,1271.8446310648906,11.02148151397705,13.063047409057617,-64.62763214111328,2000000,1483476398106185860,none,170103_2029,6.4.2,0.11.1,True,56.33883483839959,True,True,True,True,True,True,True,True,True,True,True,True,0.03826188384757269,True,True,True,True,True,True,True,True,True,True,17.09140902249504,True,True,True
22884,5504,1449,2385.7180555783466,2408.573115483882,6217.925143636323,3773.2049133959904,3809.3520281524407,2026.2864899039268,3204.734994471073,32.29373356644202,7.043216042140681,-10.247040405869484,0.008810145788830399,,,,,,,0.314456045627594,2.4348127841949463,15.0,123.24837493896484,164.84934450575543,46.37502583690188,11.0,211.0,323.018798828125,1157.4620922034796,527.5866643240756,23.612316131591797,32.141395568847656,7.415286540985107,-0.21939502656459808,16905110,-163192825,16905110,-2214169960,-2214169960,-2215169950,16905110,368395560000000000,368395560000000000,368395560000000000,2404291220,559496.25,16905110,496992375,16905110,17932920060,17944834900,17932920060,16905110,368395560000000000,368395560000000000,368395560000000000,2404291220,559496.25,38625730,163192825,38625730,2214169960,2214169960,2215169950,38625730,368395560000000000,368395560000000000,368395560000000000,5570245150,340298.3125,57.45539873838425,81,605,15,5699.420306324959,33.34439741611686,6158.922968974337,72860.0,0.0,0.0,40.93224334716797,5.071186542510986,0.0,23.612316131591797,0.4352302849292755,79.33475634567452,5231.021484375,0.612640380859375,581.6950653505573,32.60096740722656,7.110223293304443,-10.466435432434082,2000000,1482113914783086150,none,161219_0213,6.4.2,0.11.1,False,58.73184313191172,False,True,True,True,True,True,True,True,True,True,True,True,0.38340544623396766,True,True,True,True,True,True,True,True,True,True,33.36732460308584,True,True,True
23541,5494,2900,2080.1090559304153,2191.524540334759,5323.83321964347,2973.0644261023103,3132.308679308712,637.5438515498536,911.2305625126464,-29.771918794838633,11.437934805082651,-75.5942416973412,0.0030369610119266002,,,,,,,2.9367549419403076,2.5323233604431152,28.0,182.4912109375,155.05088173377504,44.54878058747718,25.0,189.0,284.53387451171875,2864.417578502504,1169.65031932594,46.026275634765625,-29.665517807006836,12.548492431640625,0.05977209284901619,185794395,185794395,185794395,1966225560,1967225560,1966225560,-26168740,368395560000000000,368395560000000000,368395560000000000,1486532830,799702.1875,185794395,185794395,185794395,1966225560,1967225560,1966225560,185794395,368395560000000000,368395560000000000,368395560000000000,1486532830,799702.1875,475084260,475084260,475084260,3779118570,3779118570,3780118560,26168740,368395560000000000,368395560000000000,368395560000000000,1945855830,78.09803771972656,52.37360095977783,30,417,5,1694.4618084132671,38.97605288869818,5053.173482032726,526660.0,0.0,0.0,35.324337005615234,0.0,0.0,46.026275634765625,0.1645229309797287,83.36571454829453,1548.7744140625,0.5883558988571167,1458.6729233163555,-32.51332092285156,12.491141319274902,-75.53446960449219,2000000,1482078029179407190,none,161218_1611,6.4.2,0.11.1,False,97.24209406637713,False,True,True,True,True,True,True,True,True,True,True,True,0.25745992656818917,True,True,True,True,True,True,True,True,True,True,34.830226081529155,True,True,True
23889,5489,8086,1704.1193823265764,1678.0396695310576,5064.093273598848,3438.6788829022285,3386.0536040677907,566.7249182467931,1143.5730553860194,-33.540502494170184,-1.0373843790221322,-70.2921589659527,0.02000732237823922,,,,,,,2.7458746433258057,3.221632719039917,25.0,132.93173217773438,152.640126416899,40.775875365964765,23.0,185.0,262.9770202636719,2931.817033905546,1432.6779489638166,37.05807876586914,-33.79057693481445,-0.6794583201408386,0.002409820444881916,-62196010,-77997200,-62196010,4806422020,4814465260,4806422020,-62196010,368395560000000000,368395560000000000,368395560000000000,-810276760,907977.9375,169964415,169964415,169964415,4806422020,4814465260,4806422020,169964415,368395560000000000,368395560000000000,368395560000000000,1765963160,907977.9375,62196010,77997200,62196010,8042446130,8042446130,8049256230,62196010,368395560000000000,368395560000000000,368395560000000000,810276760,900276.625,76.01716370880604,70,429,2,1837.769863113761,32.575522618791865,5142.798265228805,489840.0,0.0,0.0,0.0,0.0,0.0,37.05807876586914,0.01702118292450905,62.875441669884665,1710.2979736328125,0.6686396598815918,1668.438740074925,-36.285064697265625,-1.1222717761993408,-70.28974914550781,2000000,1482060884633727420,none,161218_1110,6.4.2,0.11.1,False,104.56134141019082,False,True,True,True,True,True,True,True,True,True,True,True,0.053651464898663695,True,True,True,True,True,True,True,True,True,True,36.302416090728805,True,True,True
27417,5423,1573,3379.068065822929,3186.720202927873,8885.556077314543,6042.813014400667,5698.83587438667,1309.0961097663094,2341.0664878899406,25.79758812000642,-10.531943431060858,-59.820479050278664,,,,,,,,1.7610896825790405,6.607578754425049,36.0,257.82470703125,183.28542311028139,56.201439319030584,24.0,204.0,330.5074462890625,2898.7586738224973,1382.5089091963684,69.36177062988281,26.078792572021484,-9.944376945495605,-0.08889518678188324,14393385,-230062050,98052340,10227133630,10247452880,10227133630,14393385,368395560000000000,368395560000000000,368395560000000000,3686615430,95805.0390625,14393385,487212120,98052340,10227133630,10247452880,10227133630,14393385,368395560000000000,368395560000000000,368395560000000000,3686615430,95805.0390625,230062050,230062050,230062050,12960191350,12960191350,12972424770,230062050,368395560000000000,368395560000000000,368395560000000000,3748952920,1622449.875,86.74014203250408,45,572,9,3959.827891215682,64.60078740164136,9421.881080223597,417120.0,0.0,0.0,56.597164154052734,3.5887928009033203,0.0,69.36177062988281,0.15079784393310547,89.977822272479,3650.16259765625,0.6413595080375671,1506.7562235751357,27.428037643432617,-11.197579383850098,-59.90937423706055,2000000,1481855943183479250,none,161216_0234,6.4.2,0.11.1,True,62.68213264661371,True,True,True,True,True,True,True,True,True,True,True,True,0.8699073842728988,True,True,True,True,True,True,True,True,True,True,29.625715738648093,True,True,True
27448,5423,10701,1598.8346421064898,1484.7051061625918,3418.828448673723,2082.7997352997218,1934.1233425111309,663.8972793200228,864.8580917737272,-6.853359656047555,6.432106606819373,-55.42703936994076,0.004779969174229942,,,,,,,0.4854680001735687,2.8633759021759033,19.0,127.71087646484375,126.79958078181016,36.127475669052046,16.0,187.0,248.99696350097656,2207.344083722426,1002.0048415798717,27.154447555541992,-9.355451583862305,4.809132099151611,-0.09937740862369537,-48588405,-758736525,-48588405,-2837108820,-2837108820,-2850289780,-48588405,368395560000000000,368395560000000000,368395560000000000,679866970,83117.515625,70987935,1083607230,170422055,6555494130,6560164780,6555494130,70987935,368395560000000000,368395560000000000,368395560000000000,679866970,83117.515625,48588405,758736525,48588405,2837108820,2837108820,2850289780,48588405,368395560000000000,368395560000000000,368395560000000000,2083056240,232251.078125,57.426999032497406,49,381,5,1659.310615569353,25.743017133228477,3681.6343774062116,386610.0,0.0,0.0,22.165952682495117,3.253467559814453,0.0,27.154447555541992,0.15541420876979828,63.44861001783397,1528.75537109375,0.5657269358634949,1042.4659347058216,-7.207344055175781,6.7643327713012695,-55.52641677856445,2000000,1481857610903740310,none,161216_0234,6.4.2,0.11.1,True,73.39896989240147,True,True,True,True,True,True,True,True,True,True,True,True,1.0,True,True,True,True,True,True,True,True,True,True,9.884432516365216,True,True,True
28358,5408,12943,1510.4947763722726,1374.5162051303237,3517.105865078427,2354.5524433842525,2142.5896599481034,1252.9164777661208,1953.0405534838792,-7.855219299603876,-7.337980341839387,-11.557440236210823,0.0017755721601238424,,,,,,,0.05085989087820053,2.9633219242095947,8.0,68.04524993896484,128.41294510856997,24.366028033563225,7.0,207.0,339.0517272949219,1320.8218641637473,634.5315011436732,9.912955284118652,-9.392983436584473,-8.522184371948242,-0.17817167937755585,-375216960,-1053676380,-375216960,-1014877470,-1014877470,-1052065480,-375216960,368395560000000000,368395560000000000,368395560000000000,890380260,126905.7109375,388719265,3289301330,527873075,13152178420,13182365680,13152178420,388719265,368395560000000000,368395560000000000,368395560000000000,890380260,126905.7109375,375216960,1053676380,375216960,1014877470,1014877470,1052065480,375216960,368395560000000000,368395560000000000,368395560000000000,1529870740,107075.0546875,24.712932914495468,41,496,13,3548.4874604046345,13.586904347013615,3865.047219756525,81960.0,0.0,0.0,44.079063415527344,2.2914164066314697,0.0,9.912955284118652,0.23019346594810486,62.840661750279835,3205.95703125,0.6091911196708679,661.1560760830355,-7.892385482788086,-7.37269926071167,-11.735611915588379,2000000,1481802974656693120,none,161215_1116,6.4.2,0.11.1,False,90.29359273610103,False,True,True,True,True,True,True,True,True,True,True,True,0.5169604422893348,True,True,True,True,True,True,True,True,True,True,10.800298282817124,True,True,True
30560,5370,3017,2584.088073398895,2615.4977078827023,6979.629477355014,4311.722706636902,4364.131769472313,1778.751571623492,2967.965225251508,0.3740601166837107,-31.04686786727551,-23.112000107765198,0.008646976801828498,,,,,,,0.8240529894828796,2.825631856918335,34.0,189.57730102539062,150.2000636189704,48.114449985760544,31.0,207.0,446.7491149902344,1764.1530599643747,902.7521111678151,50.52571487426758,-0.013752782717347145,-31.1011962890625,-0.23748910427093506,-87951975,-831256550,-87951975,-1611778530,-1611778530,-1615744530,-87951975,368395560000000000,368395560000000000,368395560000000000,255884370,67568.671875,455176170,2122553065,1582421020,5962248860,5971415070,5962248860,253448015,368395560000000000,368395560000000000,368395560000000000,255884370,67568.671875,87951975,831256550,87951975,1611778530,1611778530,1615744530,87951975,368395560000000000,368395560000000000,368395560000000000,7426860020,760518.6875,67.40229532122612,52,494,12,5010.870841652155,62.96506583126302,6895.8107800357975,162200.0,0.0,0.0,35.268043518066406,4.861647129058838,0.0,50.52571487426758,0.263693243265152,72.29586263319487,4746.716796875,0.625266969203949,859.5546315148729,0.38398778438568115,-31.870861053466797,-23.349489212036133,2000000,1481668910777003360,none,161213_2232,6.4.2,0.11.1,False,97.54102431570789,False,True,True,True,True,True,True,True,True,True,True,True,0.757055264778247,True,True,True,True,True,True,True,True,True,True,31.873174158027375,True,True,True
31232,5342,98,3181.8274065223836,3184.4022310427335,7452.06604594983,4264.213093346826,4267.663814907097,881.8816666449566,1181.8778548394184,-20.782196940572938,13.913708575071269,-79.67231737077236,0.0026165551193730137,,,,,,,2.4432947635650635,5.174278259277344,37.0,236.1387939453125,159.53315200797422,39.61511558207261,35.0,194.0,277.3553466796875,3341.367385519229,1559.3516126816176,69.16809844970703,-20.85634994506836,15.247379302978516,0.13746629655361176,49755400,49755400,49755400,326591830,356954940,326591830,49755400,368395560000000000,368395560000000000,368395560000000000,-115697490,744858.375,49755400,49755400,49755400,326591830,356954940,326591830,49755400,368395560000000000,368395560000000000,368395560000000000,1792709500,744858.375,255030840,255030840,255030840,7640436180,7640436180,7641436170,255030840,368395560000000000,368395560000000000,368395560000000000,115697490,667302.25,74.872916854918,35,587,9,2370.7757752016187,55.200989387864865,7446.04049986921,554980.0,0.0,0.0,52.62240219116211,4.090016841888428,0.0,69.16809844970703,0.12913835048675537,60.72357721735719,2063.759521484375,0.5726819634437561,1797.6545460480338,-22.812480926513672,15.27298641204834,-79.53485107421875,2000000,1481612919546799690,none,161213_0708,6.4.2,0.11.1,False,88.81305686083397,False,True,True,True,True,True,True,True,True,True,True,True,0.5597115754593716,True,True,True,True,True,True,True,True,True,True,27.453112755481175,True,True,True
32952,5314,4393,2028.0352502820986,2035.1918314557686,5172.500170842308,3126.27625806102,3137.308339386539,615.3627161450859,948.5998082689766,-15.063324044293427,19.699305435368387,-73.333436191082,0.0022104496886197977,,,,,,,2.089258909225464,4.041283130645752,29.0,158.4407501220703,181.52358735026732,54.287007617475574,24.0,184.0,266.0646667480469,2769.1546981110714,1321.586781014906,42.29969024658203,-15.08187198638916,20.53472137451172,0.04783743619918823,-121242030,1287942900,-241459635,-1936567910,-1936567910,-1955974570,-40182565,368395560000000000,368395560000000000,368395560000000000,-1035734820,227077.921875,239820170,1287942900,347063725,3748510200,3767292770,3748510200,239820170,368395560000000000,368395560000000000,368395560000000000,1943877130,227077.921875,121242030,1431398530,241459635,1936567910,1936567910,1955974570,40182565,368395560000000000,368395560000000000,368395560000000000,1035734820,373.94580078125,52.25327813625336,26,416,7,1701.1388449668884,36.082595754364775,5154.3115083431185,510960.0,0.0,0.0,42.09678268432617,2.1380467414855957,0.0,42.29969024658203,0.1010107696056366,88.29811853664555,1563.9625244140625,0.6065361499786377,1499.941698404682,-16.332399368286133,21.358959197998047,-73.28559875488281,2000000,1481512341657863760,none,161212_0258,6.4.2,0.11.1,True,79.17962593447662,True,True,True,True,True,True,True,True,True,True,True,True,0.8143307962470608,True,True,True,True,True,True,True,True,True,True,26.887774306307666,True,True,True
32954,5314,5138,1559.1561498372948,1487.7289413942942,3747.557333797287,2368.3247919408705,2259.828392402993,622.9988671817409,946.3219335995091,-22.068325522114623,-2.954945167479132,-56.35151946544647,0.0009171905573194575,,,,,,,1.2460510730743408,2.7159392833709717,8.0,87.1231460571289,115.22768898155134,37.26456831275483,8.0,192.0,231.2979278564453,2624.5956788974636,1374.0191355958484,13.705257415771484,-22.148618698120117,-2.563714027404785,-0.10122787952423096,9660355,52008260,9660355,1355039850,1365107450,1355039850,9660355,368395560000000000,368395560000000000,368395560000000000,-1046736550,337117.09375,9660355,52008260,9660355,1355039850,1365107450,1355039850,9660355,368395560000000000,368395560000000000,368395560000000000,1566770720,337117.09375,325525150,2010981860,325525150,2978821050,2978821050,2984118340,294571380,368395560000000000,368395560000000000,368395560000000000,1046736550,53376.80859375,23.056719958782196,25,357,3,1609.0508682131767,13.040451933170061,3927.4809417781653,393030.0,0.0,0.0,0.0,2.4203803539276123,0.0,13.705257415771484,0.09826485812664032,39.880654692579874,1569.32080078125,0.6030136942863464,1285.0898856945105,-23.303354263305664,-3.1203153133392334,-56.4527473449707,2000000,1481512475465124060,none,161212_0258,6.4.2,0.11.1,False,92.30185782938501,False,True,True,True,True,True,True,True,True,True,True,True,0.48850057450902495,True,True,True,True,True,True,True,True,True,True,23.511331046450465,True,True,True
34215,5290,16677,1437.9199431017614,1390.5856450694407,3732.6911377623173,2421.828679687752,2342.105492692877,419.5566658980679,706.6418204300571,-14.562939588578743,14.213581709224194,-75.08880241215229,0.007485551063776754,,,,,,,1.7462013959884644,3.2804791927337646,9.0,63.51034164428711,123.55184647420211,31.980148589374274,9.0,178.0,196.84373474121094,3318.5810233209586,1128.3640793451634,11.787365913391113,-14.681650161743164,15.100953102111816,0.08314140141010284,-86256350,-86256350,-86256350,654026520,655026520,654026520,-81052880,368395560000000000,368395560000000000,368395560000000000,-670621760,894651.0625,173037000,652477635,173037000,654026520,655026520,654026520,173037000,368395560000000000,368395560000000000,368395560000000000,2551150560,894651.0625,86256350,86256350,86256350,14854085400,14854085400,14855718860,81052880,368395560000000000,368395560000000000,368395560000000000,670621760,131.7782745361328,62.784659802913666,56,438,5,1303.3294954001904,9.676154100680947,3859.7486227895133,523150.0,0.0,0.0,68.16814422607422,0.0,0.0,11.787365913391113,0.0,46.59228843939153,1126.198486328125,0.6274576187133789,1481.0020390709624,-15.812588691711426,15.433252334594727,-75.00566101074219,2000000,1481439578803901840,none,161211_0608,6.4.2,0.11.1,False,81.1034342029328,False,True,True,True,True,True,True,True,True,True,True,True,0.3823648655109152,True,True,True,True,True,True,True,True,True,True,22.095774228492505,True,True,True
34693,5281,1981,3239.226935535261,2967.421852379111,8090.75763086936,5592.614760914993,5123.335778490248,2729.1960917928955,4712.0324238321045,13.092055871616406,8.827412164197542,-10.19088038802147,0.0025126729340378064,,,,,,,0.06599465012550354,2.372363805770874,21.0,146.51724243164062,149.32566199642488,41.90190919609036,20.0,213.0,510.7435607910156,1287.2330105085227,581.9273750127365,29.530916213989258,12.25611400604248,10.770998001098633,-0.17201843857765198,14245185,358363340,14245185,696236280,715817720,696236280,14245185,368395560000000000,368395560000000000,368395560000000000,-1479192260,213416.65625,14245185,358363340,14245185,696236280,715817720,696236280,14245185,368395560000000000,368395560000000000,368395560000000000,7789415790,213416.65625,351674845,718994215,351674845,5716006510,5716006510,5734109610,24374720,368395560000000000,368395560000000000,368395560000000000,1479192260,61245.69921875,73.76175612211227,70,920,27,8335.32166659832,40.80661726482617,8831.841696450254,72470.0,0.0,0.0,60.91374588012695,7.7343058586120605,0.0,29.530916213989258,0.42704010009765625,67.61652939881009,7441.228515625,0.6332331299781799,663.3665270340998,13.146774291992188,8.864306449890137,-10.362898826599121,2000000,1481404364748789970,none,161210_2106,6.4.2,0.11.1,False,67.96901850917234,False,True,True,True,True,True,True,True,True,True,True,True,0.24464985039356618,True,True,True,True,True,True,True,True,True,True,15.856027343636569,True,True,True
35526,5267,10583,3138.760463614022,3219.517874015447,8407.06158447521,5057.420936555597,5187.543710459762,2136.9513920510653,3443.2263423239347,4.6133361504796,31.776244764643298,-23.01984079182148,0.0009606553226076854,,,,,,,0.8887763023376465,3.0334219932556152,35.0,192.78280639648438,156.1130011925856,42.257573169548536,30.0,211.0,385.5052185058594,1800.7741703511488,857.5318252322392,50.136295318603516,3.813432455062866,31.944683074951172,-0.2471422404050827,256102520,-1003043680,504433525,3366017010,3370047180,3366017010,139832790,368395560000000000,368395560000000000,368395560000000000,-12058900,53545.046875,256102520,1513722110,504433525,3366017010,3370047180,3366017010,139832790,368395560000000000,368395560000000000,368395560000000000,1658865830,53545.046875,552626020,1003043680,552626020,7503793370,7503793370,7527994330,552626020,368395560000000000,368395560000000000,368395560000000000,12058900,306219.90625,56.05183923244476,34,469,9,5826.812295913696,63.27087930108746,8196.181400169618,161560.0,0.0,0.0,39.96809005737305,6.512574195861816,0.0,50.136295318603516,0.30146047472953796,72.25485646412127,5580.177734375,0.6170459985733032,1024.2236495982136,4.741031646728516,32.655799865722656,-23.266983032226562,2000000,1481355290992099420,none,161210_0702,6.4.2,0.11.1,True,58.83116438935716,True,True,True,True,True,True,True,True,True,True,True,True,0.7542835008932353,True,True,True,True,True,True,True,True,True,True,32.99816125097599,True,True,True
36589,5234,2208,2201.690334305991,2129.984658720589,5600.717046757458,3587.574173559309,3470.732388036869,560.8627128262015,913.9053535800485,-7.352203550244056,-30.847443903775385,-81.58607763051987,0.005484147559569978,,,,,,,3.361778974533081,2.955430269241333,31.0,169.5824737548828,182.0429459429553,58.98772492156013,24.0,179.0,287.1497802734375,2811.350151960315,1106.8783816494863,52.07455062866211,-7.938953399658203,-30.781774520874023,0.14937108755111694,-85683605,-158092220,-158092220,-2435734620,-2435734620,-2437915010,-85683605,368395560000000000,368395560000000000,368395560000000000,570764030,14784.7685546875,423367425,423367425,423367425,14256367820,14258814720,14256367820,326460125,368395560000000000,368395560000000000,368395560000000000,570764030,14784.7685546875,85683605,158092220,158092220,2435734620,2435734620,2437915010,85683605,368395560000000000,368395560000000000,368395560000000000,2861419490,208733.4375,74.32760465145111,60,507,7,1746.0774315595627,40.473714915502796,5789.2645078653,568270.0,0.0,0.0,40.13908767700195,0.0,0.0,52.07455062866211,0.043914563953876495,96.57906422610836,1474.76806640625,0.6196942925453186,1200.7588452091136,-8.131620407104492,-34.11762237548828,-81.43670654296875,2000000,1481273378138281490,none,161209_0843,6.4.2,0.11.1,False,105.62263264747408,False,True,True,True,True,True,True,True,True,True,True,True,0.11959217972319167,True,True,True,True,True,True,True,True,True,True,35.0732862304298,True,True,True
36706,5232,3183,988.5100001607584,935.636042844928,2397.4784665286606,1544.4529585208716,1461.8424236837325,841.2118293835083,1314.3135612414917,-11.845195095272006,-13.568352522336022,-9.400319620966911,0.0017464911856497555,,,,,,,0.06902533024549484,1.718184232711792,8.0,61.4921760559082,124.6185540435361,30.872204592785494,8.0,203.0,247.41827392578125,1107.592414590934,573.422345717543,8.677969932556152,-12.296623229980469,-13.781158447265625,-0.1787218600511551,24855685,217051515,24855685,4757407090,4758407080,4757407090,24855685,368395560000000000,368395560000000000,368395560000000000,-2123249200,333385.90625,24855685,217051515,24855685,4757407090,4758407080,4757407090,24855685,368395560000000000,368395560000000000,368395560000000000,8080165060,333385.90625,284228660,783118780,284228660,27914484650,27914484650,27930609660,284228660,368395560000000000,368395560000000000,368395560000000000,2123249200,429006.40625,22.876683980226517,47,475,11,2471.968665868044,12.00692192846168,2532.96295868163,66980.0,0.0,0.0,47.646244049072266,3.6776485443115234,0.0,8.677969932556152,0.37649938464164734,55.38892098490264,2155.525390625,0.6097416281700134,561.9865297662169,-11.890589714050293,-13.62035083770752,-9.579041481018066,2000000,1481266336999822090,none,161209_0642,6.4.2,0.11.1,False,97.60509368235562,False,True,True,True,True,True,True,True,True,True,True,True,1.0,True,True,True,True,True,True,True,True,True,True,18.08037833371079,True,True,True
37977,5209,4438,1831.2599109832577,1855.7057204923751,4804.340987422684,2909.7919442788493,2948.6352669303083,1433.167670442097,2277.240776823528,33.04112041766579,-10.6796338312141,-14.222879588603973,0.0012409961169529491,,,,,,,0.6049142479896545,2.467344045639038,9.0,83.41471099853516,157.55093412038866,56.26837148078171,8.0,208.0,273.28131103515625,1526.4687012315821,657.2921224786446,12.394317626953125,32.9709587097168,-10.682404518127441,-0.2368200421333313,93454555,93454555,93454555,8473515990,8492539130,8473515990,93454555,368395560000000000,368395560000000000,368395560000000000,-1348132630,813209.875,93454555,93454555,93454555,8473515990,8492539130,8473515990,93454555,368395560000000000,368395560000000000,368395560000000000,6166767630,813209.875,458812040,680876375,680876375,53852325230,53852325230,53862834130,403880375,368395560000000000,368395560000000000,368395560000000000,1348132630,61846.14453125,42.35911077260971,35,538,16,4097.720861583948,16.60644605295238,4741.051855262107,100470.0,0.0,0.0,37.004817962646484,4.337676525115967,0.0,12.394317626953125,0.38219204545021057,75.42656393779995,3710.408447265625,0.6137439608573914,688.6801627245334,33.61671447753906,-10.865678787231445,-14.459699630737305,2000000,1481186513294772130,none,161208_0828,6.4.2,0.11.1,True,68.8672879341862,True,True,True,True,True,True,True,True,True,True,True,True,0.5323447621054024,True,True,True,True,True,True,True,True,True,True,35.32911643066772,True,True,True
38684,5195,9169,2709.4362360518185,2481.2026212799833,6719.093318297596,4627.713400126517,4237.890697017613,1962.442819015414,3351.849661453336,0.6234331303196562,7.854726581592573,-18.637919709086418,0.0023432082941255393,,4013.981162464033,4455.711008430051,-24.555139541625977,-0.1246868148446083,-32.56063461303711,0.08461224287748337,3.5856773853302,32.0,198.26182556152344,150.32618619091963,35.22383944802001,31.0,213.0,439.78228759765625,1726.9875822404013,792.0028916055207,48.51249694824219,-0.13922984898090363,8.127760887145996,-0.19649191200733185,38313890,171242065,153407830,4318356960,4319356950,4318356960,38313890,368395560000000000,368395560000000000,368395560000000000,-475797930,111819.1640625,38313890,171242065,153407830,4318356960,4319356950,4318356960,38313890,368395560000000000,368395560000000000,368395560000000000,3336281100,111819.1640625,238572930,679574350,238572930,6151915420,6151915420,6152915390,238572930,368395560000000000,368395560000000000,368395560000000000,475797930,441575.6875,60.24702191352844,53,575,10,5687.327475458384,61.532034430456406,7337.149636178336,131130.0,0.0,0.0,83.50640869140625,0.0,0.0,48.51249694824219,0.3897482454776764,63.19936142334271,5314.29248046875,0.6307235956192017,896.5753892768314,0.6301277875900269,7.93907356262207,-18.83441162109375,2000000,1481139768099346870,none,161207_1914,6.4.2,0.11.1,True,72.89651157429054,True,True,True,True,True,True,True,True,True,True,True,True,0.21259785289653388,True,True,True,True,True,True,True,True,True,True,7.964041063519059,True,True,True
40183,5140,2393,1622.3576627639245,1506.0936632552541,4328.257281762875,3040.0225987030303,2822.1636185076213,916.9969616122835,1718.2964954189665,-11.095078555985657,-10.94542798798615,-32.34960001707077,,,,,,,,0.426283597946167,2.4989194869995117,21.0,159.79881286621094,135.1766588194718,49.77298038867895,16.0,205.0,239.76754760742188,1874.652413569026,824.0932318978626,28.980554580688477,-11.87277603149414,-11.829323768615723,-0.20040303468704224,-91867475,-1132042750,-91867475,11272262290,11314754010,11272262290,-44548450,368395560000000000,368395560000000000,368395560000000000,229703310,283868.84375,223667060,1681122885,223667060,11272262290,11314754010,11272262290,223667060,368395560000000000,368395560000000000,368395560000000000,229703310,283868.84375,91867475,1132042750,91867475,13824622810,13824622810,13835465060,44548450,368395560000000000,368395560000000000,368395560000000000,1404563870,105.07420349121094,34.74802029132843,33,441,8,2877.798593401909,33.3327708373065,4662.380261466955,226350.0,0.0,0.0,61.45427322387695,6.094202041625977,0.0,28.980554580688477,0.5367231965065002,63.333096035491735,2635.29345703125,0.6520323157310486,1007.753027158675,-11.39854621887207,-11.244802474975586,-32.55000305175781,2000000,1481010900608688070,none,161206_0747,6.4.2,0.11.1,False,88.67953113531935,False,True,True,True,True,True,True,True,True,True,True,True,0.000753776016178006,True,True,True,True,True,True,True,True,True,True,16.011634476373104,True,True,True
42040,5094,18517,1348.9067268943527,1301.1627477768363,3460.695143636308,2238.7728058602024,2159.5323958594713,785.2680655990116,1303.3049324478634,-13.089805129148095,15.16095800818538,-30.113279789686203,0.012930752081140149,,,,,,,0.5411052107810974,2.8603570461273193,11.0,120.92147827148438,115.8306450773948,22.129782372236704,11.0,204.0,204.44456481933594,1674.0452140992131,800.3234583060387,17.533384323120117,-13.514808654785156,15.272576332092285,-0.21561768651008606,-104400105,-104400105,-104400105,277182360,332725110,277182360,-104400105,368395560000000000,368395560000000000,368395560000000000,98672680,1658772.25,171823985,171823985,171823985,277182360,332725110,277182360,171823985,368395560000000000,368395560000000000,368395560000000000,98672680,1658772.25,104400105,104400105,104400105,13977120690,13977120690,14028110900,104400105,368395560000000000,368395560000000000,368395560000000000,2322396890,1349971.875,40.4264497756958,53,371,7,2237.3209377527237,20.369308191545997,3587.679532754555,210820.0,0.0,0.0,31.35721778869629,3.096336841583252,0.0,17.533384323120117,0.5555936694145203,36.862916789391484,2088.572998046875,0.6240169405937195,818.1120344572582,-13.443424224853516,15.570528984069824,-30.32889747619629,2000000,1480871575184514620,none,161204_1617,6.4.2,0.11.1,True,77.44154667066869,True,True,True,True,True,True,True,True,True,True,True,True,0.011756266958711702,True,True,True,True,True,True,True,True,True,True,20.57102398358275,True,True,True
43449,5072,19986,1191.2649854795973,1073.3908203322057,3305.163335589682,2476.85409882594,2231.7725152574762,254.8428543332593,529.8641158815844,9.092229839484082,3.5686602836607406,-86.37984067201614,0.0030502580445284843,,1205.199829852891,1695.2028998001738,8.825523376464844,-1.123837947845459,-103.5186538696289,0.9499943256378174,2.9957141876220703,5.0,60.10236358642578,149.14537191242374,52.37075954919847,5.0,160.0,213.03407287597656,2868.4379473528084,1480.1500369705163,8.25810718536377,8.055315017700195,3.84464430809021,0.2567480206489563,-271506435,-271506435,-271506435,-196254310,-196254310,-197254300,-208184760,368395560000000000,368395560000000000,368395560000000000,678849640,117145.8515625,609849000,800923400,800923400,609969580,612196340,609969580,609849000,368395560000000000,368395560000000000,368395560000000000,678849640,117145.8515625,271506435,271506435,271506435,196254310,196254310,197254300,208184760,368395560000000000,368395560000000000,368395560000000000,1360128340,23478.37890625,14.27958732843399,28,344,5,957.3451570272446,5.8303031686152735,3668.1190843055374,601560.0,0.0,0.0,72.50446319580078,0.0,0.0,8.25810718536377,0.0,48.513869238381005,784.7069702148438,0.6752381920814514,1337.63655998948,9.976547241210938,3.9157509803771973,-86.12309265136719,2000000,1480792223459157220,none,161203_1811,6.4.2,0.11.1,False,70.74328322393883,False,True,True,True,True,True,True,True,True,True,True,True,1.0,True,True,True,True,True,True,True,True,True,True,10.71749040570779,True,True,True
43569,5070,15310,2680.833070115781,2440.4266443233946,6623.358935380275,4594.992946009837,4182.932291056881,987.7506886239862,1693.0212840322638,16.582641992359495,2.013896237758669,-55.84752181172371,0.0011217023788729485,,,,,,,0.89134681224823,4.0869140625,38.0,216.41546630859375,1149.6712184302144,57.68619628479133,33.0,196.0,314.77392578125,2315.5160551164017,1128.059215675629,62.93039321899414,16.444005966186523,3.4441545009613037,-0.09996125102043152,79445740,-701370370,117557130,5029385330,5071572130,5029385330,79445740,368395560000000000,368395560000000000,368395560000000000,1169886930,171696.484375,79445740,2701399780,117557130,5029385330,5071572130,5029385330,79445740,368395560000000000,368395560000000000,368395560000000000,1169886930,171696.484375,272909645,701370370,549624395,12497162910,12497162910,12504658930,245039340,368395560000000000,368395560000000000,368395560000000000,1960409790,466.5746154785156,70.39622747898102,27,426,4,2836.288430452347,60.53356642996164,7275.8260161256185,389530.0,0.0,0.0,34.55376434326172,0.0,0.0,62.93039321899414,0.14687132835388184,95.64569625486286,2680.77197265625,0.631542444229126,1231.0352000499759,17.467487335205078,2.1213572025299072,-55.94748306274414,2000000,1480784168645264700,none,161203_1611,6.4.2,0.11.1,True,56.99394074890708,True,True,True,True,True,True,True,True,True,True,True,True,0.6195823455960929,True,True,True,True,True,True,True,True,True,True,17.59583104562769,True,True,True
43674,5067,6339,2912.1361846052746,2622.7261614412087,7031.716734588836,4895.509555824655,4408.9905731476265,1481.0595132354938,2489.767146920756,-5.859365705066746,-3.0442594906961125,-37.74672093987465,0.0021244374997470773,,,,,,,0.20193283259868622,2.518246650695801,25.0,160.88821411132812,144.970186438296,32.486696635651136,21.0,209.0,349.8216247558594,2192.242340548427,1046.6148288397578,36.77364730834961,-7.040409564971924,-3.651115894317627,-0.18155893683433533,33678695,527792535,33678695,11049038780,11083539460,11049038780,33678695,368395560000000000,368395560000000000,368395560000000000,-2947501220,159196.875,33678695,527792535,33678695,11049038780,11083539460,11049038780,33678695,368395560000000000,368395560000000000,368395560000000000,5462040940,159196.875,138382160,866344065,138382160,13766144200,13766144200,13819572630,138382160,368395560000000000,368395560000000000,368395560000000000,2947501220,293984.25,53.589798629283905,45,514,12,4312.521657407284,40.04577810735054,7807.645740429929,263830.0,0.0,0.0,38.495731353759766,1.7497340440750122,0.0,36.77364730834961,0.1878562569618225,72.80109203539098,3970.82666015625,0.6270148158073425,1042.3095546344287,-6.0385565757751465,-3.1373589038848877,-37.928279876708984,2000000,1480771745326755090,none,161203_1310,6.4.2,0.11.1,True,78.6528882194023,True,True,True,True,True,True,True,True,True,True,True,True,0.6971523625433926,True,True,True,True,True,True,True,True,True,True,6.804938384043095,True,True,True
44222,5059,15737,1206.863420883509,1063.6077458792734,3115.3061219237884,2328.0384430514287,2051.698376044515,591.4020489746035,1140.8140154785215,1.6208912904586819,-11.587904961367213,-39.859198957681656,0.0022874254275253064,,,,,,,0.39936017990112305,2.421440839767456,16.0,143.4779510498047,136.13052834618207,46.409289917619006,16.0,194.0,305.6834411621094,2143.787796711361,1033.1054347628078,24.2557315826416,0.20422370731830597,-11.861827850341797,-0.176884263753891,81913095,81913095,81913095,81653140,84592800,81653140,81913095,368395560000000000,368395560000000000,368395560000000000,3805790820,1140153.5,81913095,81913095,81913095,81653140,84592800,81653140,81913095,368395560000000000,368395560000000000,368395560000000000,3805790820,1140153.5,226307270,418995080,418995080,225125660,225125660,226125660,226307270,368395560000000000,368395560000000000,368395560000000000,6866645490,219040.28125,44.886104345321655,33,406,6,1902.1639768779278,26.690639108740697,3534.901863934938,278500.0,0.0,0.0,33.97791290283203,0.0,0.0,24.2557315826416,0.42087945342063904,59.885491436616746,1732.216064453125,0.6585864424705505,1231.8646973143154,1.676214337348938,-11.983414649963379,-40.03608322143555,2000000,1480741635479367210,none,161203_0420,6.4.2,0.11.1,True,78.42194428803242,True,True,True,True,True,True,True,True,True,True,True,True,0.04705014296632322,True,True,True,True,True,True,True,True,True,True,12.100079387247467,True,True,True
44704,5052,16105,2323.509325389376,2045.709001227096,5926.367638206088,4407.6388803416885,3880.658636978991,1906.1470122702885,3615.9130463234615,3.8652869839472075,-0.621262571581946,-10.892160326242447,0.0023611811567847635,,,,,,,0.014036023989319801,2.711103916168213,22.0,151.44427490234375,135.25807394271706,32.75844861128519,19.0,211.0,524.7974243164062,1166.5722422562167,583.1535056911474,29.538375854492188,3.4396088123321533,-1.0889489650726318,-0.17101582884788513,99524150,-729247060,224062315,-697446470,-697446470,-713187240,99524150,368395560000000000,368395560000000000,368395560000000000,-1042104210,176432.171875,99524150,3317120340,224062315,3317290160,3351168650,3317290160,99524150,368395560000000000,368395560000000000,368395560000000000,3876396660,176432.171875,169864740,729247060,335259335,697446470,697446470,713187240,169864740,368395560000000000,368395560000000000,368395560000000000,1042104210,184396.546875,39.39881604909897,40,427,9,5757.573579728603,39.970314869700815,6731.148205731064,77340.0,0.0,0.0,41.559932708740234,4.291209697723389,0.0,29.538375854492188,0.382955938577652,59.47427076687339,5522.06005859375,0.6548123359680176,609.0023890875636,3.8791451454162598,-0.6234899759292603,-11.063176155090332,2000000,1480716406983953500,none,161202_2119,6.4.2,0.11.1,False,78.71355747309917,False,True,True,True,True,True,True,True,True,True,True,True,0.6990803217409801,True,True,True,True,True,True,True,True,True,True,3.928932018919493,True,True,True
44963,5047,16944,1773.834040764053,1700.7647348761286,5126.501540640069,3572.915428073579,3425.73680576394,387.07582870981423,779.6609876964358,-11.320071817203207,16.251677556502365,-85.40496100485325,0.005856073056441095,,,,,,,2.0943944454193115,3.200659990310669,31.0,164.86073303222656,135.52089609376338,40.076501421903544,26.0,172.0,291.0094909667969,3964.2252365809923,1791.8981051209494,49.612083435058594,-11.8026123046875,17.847801208496094,0.2383655458688736,-57397540,310910025,-57397540,-54533930,-54533930,-57676640,-57397540,368395560000000000,368395560000000000,368395560000000000,-21597600,234131.75,79451600,310910025,114454020,79258090,82441550,79258090,79451600,368395560000000000,368395560000000000,368395560000000000,9090868190,234131.75,57397540,965491725,57397540,54533930,54533930,57676640,57397540,368395560000000000,368395560000000000,368395560000000000,21597600,336124.1875,70.27826195955276,46,399,5,1288.4245758652687,37.9780000481378,5346.749468837632,594790.0,0.0,0.0,20.467531204223633,1.9421640634536743,0.0,49.612083435058594,0.06720422953367233,72.0298420074509,1166.73681640625,0.6682406663894653,2052.353512235552,-12.517143249511719,17.97025489807129,-85.16659545898438,2000000,1480701933052109160,none,161202_1715,6.4.2,0.11.1,False,81.17781404508521,False,True,True,True,True,True,True,True,True,True,True,True,0.6258421256087041,True,True,True,True,True,True,True,True,True,True,21.89997571301055,True,True,True
45536,5023,12051,3065.480775217146,3177.668765994909,7983.575829207208,4636.233916956088,4805.907063212299,1141.1918166702962,1725.9387985640788,-15.574580040981695,22.384426785665244,-55.406881265342236,0.004243276602543063,,,,,,,1.5866343975067139,3.438044786453247,34.0,214.94679260253906,161.14844925071418,40.069678116178295,29.0,197.0,335.8799133300781,2561.9143661092594,1041.4647094619697,55.554168701171875,-16.267295837402344,22.672143936157227,-0.11215025931596756,35882800,272223205,-46616220,319656130,320871170,319656130,-35509710,368395560000000000,368395560000000000,368395560000000000,-2218520500,175056.40625,35882800,272223205,272223205,319656130,320871170,319656130,35882800,368395560000000000,368395560000000000,368395560000000000,4751876310,175056.40625,46616220,2473928555,46616220,2655627100,2655627100,2692832990,35509710,368395560000000000,368395560000000000,368395560000000000,2218520500,,78.58912017941475,53,510,8,3120.9427301883698,53.71892458756156,7701.714692173235,386470.0,0.0,0.0,39.565528869628906,2.768052816390991,0.0,55.554168701171875,0.26669564843177795,86.26286679121827,2867.130615234375,0.6019742488861084,1196.7357977773127,-16.48076057434082,23.686826705932617,-55.5190315246582,2000000,1480656261224988200,none,161202_0448,6.4.2,0.11.1,True,75.36854269514515,True,True,True,True,True,True,True,True,True,True,True,True,0.07511857971405313,True,True,True,True,True,True,True,True,True,True,28.856216462066357,True,True,True
46890,4997,14717,2649.1793903508183,2392.7275765105983,6831.728907928141,4914.772143881423,4439.001331417542,1253.6708156086388,2325.816977360111,10.597254064303584,3.258425073100586,-42.00480160117149,0.00969504237706235,,,,,,,0.40421926975250244,2.8724851608276367,27.0,190.72421264648438,148.64906236971365,47.910928350517686,22.0,209.0,334.88775634765625,2152.7849961339116,1073.387305021155,44.24913787841797,9.868581771850586,4.89292049407959,-0.16609683632850647,-123389275,-123389275,-123389275,-120437070,-120437070,-123890120,-123389275,368395560000000000,368395560000000000,368395560000000000,1569057390,353629.09375,370364110,1095599670,370364110,370060640,371404680,370060640,370364110,368395560000000000,368395560000000000,368395560000000000,1569057390,353629.09375,123389275,123389275,123389275,120437070,120437070,123890120,123389275,368395560000000000,368395560000000000,368395560000000000,3240800380,1196264.25,61.3716607093811,51,569,11,3969.0733637809753,48.14576010620931,7563.951534232241,293400.0,0.0,0.0,59.74430847167969,0.0,0.0,44.24913787841797,0.28722596168518066,71.45045108347327,3579.48779296875,0.6497625112533569,1051.361297200768,10.983621597290039,3.3772246837615967,-42.1708984375,2000000,1480562756170430510,none,161201_0241,6.4.2,0.11.1,True,60.930958213146,True,True,True,True,True,True,True,True,True,True,True,True,0.2747869710694655,True,True,True,True,True,True,True,True,True,True,11.491109170008995,True,True,True
46908,4996,388,1450.4181001869797,1357.313413463124,3758.7401943728914,2566.152249551837,2401.4267809097673,1190.4420224337227,2106.1895693631523,25.560539633365632,-12.51547088442137,-10.910879671573639,0.005988564500606795,,,,,,,0.21988077461719513,2.467460870742798,8.0,72.16767883300781,117.5700843832972,27.877249518616345,8.0,198.0,368.0323181152344,1292.2129459757339,571.2749702284419,11.264593124389648,25.625307083129883,-11.40233325958252,-0.20570796728134155,-200627880,-200627880,-200627880,11574065360,11598148360,11574065360,-200627880,368395560000000000,368395560000000000,368395560000000000,-1031898560,43.14219665527344,380618060,380618060,380618060,11574065360,11598148360,11574065360,207302890,368395560000000000,368395560000000000,368395560000000000,5441057420,43.14219665527344,200627880,200627880,200627880,23766523830,23766523830,23787671980,200627880,368395560000000000,368395560000000000,368395560000000000,1031898560,1201473.0,27.12959623336792,43,437,9,3620.6110339164734,15.639937883094035,4016.5703497388167,77470.0,0.0,0.0,50.87189865112305,0.0,0.0,11.264593124389648,0.4146314263343811,48.73447213802196,3296.631591796875,0.6388913989067078,663.8683138041412,25.758018493652344,-12.612164497375488,-11.11658763885498,2000000,1480556573319492600,none,161201_0141,6.4.2,0.11.1,False,74.82155064619772,False,True,True,True,True,True,True,True,True,True,True,True,0.34653976658076535,True,True,True,True,True,True,True,True,True,True,28.67999668807852,True,True,True
47753,4981,11526,1955.7509664126078,1858.2772702566976,5190.106255383262,3506.596061782901,3331.8289851265636,730.8680146608385,1310.421902331349,27.538123138021888,14.89002164385402,-55.442879378795624,0.0018077339363525699,,,,,,,1.9113140106201172,3.536548137664795,16.0,125.37928009033203,150.8262570881269,37.98020326029032,15.0,186.0,312.1807861328125,2675.995485238196,1302.1131647216857,26.40275764465332,26.19736671447754,15.973626136779785,-0.12397319078445435,-181229155,503961130,-181229155,-6399641710,-6399641710,-6458955940,-181229155,368395560000000000,368395560000000000,368395560000000000,-576536230,185280.625,338780240,503961130,503961130,9204551090,9231765300,9204551090,338780240,368395560000000000,368395560000000000,368395560000000000,1052188590,185280.625,181229155,675452335,181229155,6399641710,6399641710,6458955940,181229155,368395560000000000,368395560000000000,368395560000000000,576536230,327614.09375,38.71335023641586,35,453,8,2297.5838408470154,25.63408643341336,5462.347028195509,386720.0,0.0,0.0,46.71475601196289,0.0,0.0,26.40275764465332,0.03946690633893013,66.79793201577274,2041.2899169921875,0.6419577598571777,1336.1331877403077,29.219402313232422,15.79909896850586,-55.56685256958008,2000000,1480504298041986190,none,161130_1037,6.4.2,0.11.1,True,39.06639894010652,True,True,True,True,True,True,True,True,True,True,True,True,0.07187618235728614,True,True,True,True,True,True,True,True,True,True,33.21723949636958,True,True,True
48292,4972,19859,1577.905362635879,1605.4455923197097,4358.348491505554,2705.6788895379586,2752.902899185844,714.4099820415722,1225.0189730365528,-29.79906048306493,3.6891773417018623,-44.641440242528915,0.0012718090245268912,,,,,,,1.4569233655929565,3.154419422149658,18.0,153.8316192626953,144.4265137477556,44.41504389724603,14.0,188.0,311.0909423828125,2568.124891124503,1194.380845158577,29.50171661376953,-30.202299118041992,4.933614253997803,-0.1726008951663971,27213790,-836008715,27213790,27104510,31106800,27104510,27213790,368395560000000000,368395560000000000,368395560000000000,824392120,329697.96875,27213790,2979111620,27213790,27104510,31106800,27104510,27213790,368395560000000000,368395560000000000,368395560000000000,824392120,329697.96875,460599520,836008715,460599520,459810630,459810630,460810630,72448920,368395560000000000,368395560000000000,368395560000000000,4666535990,2773.97998046875,37.31480097770691,24,388,5,2078.5037373304367,31.207061635394894,4283.584252173838,311710.0,0.0,0.0,33.759857177734375,0.0,0.0,29.50171661376953,0.22376634180545807,74.49197844051778,1939.428955078125,0.6316390037536621,1358.3309203045308,-31.244945526123047,3.868180513381958,-44.81404113769531,2000000,1480473252403181590,none,161130_0135,6.4.2,0.11.1,False,96.02645844515288,False,True,True,True,True,True,True,True,True,True,True,True,0.6564230563041461,True,True,True,True,True,True,True,True,True,True,31.483478864549014,True,True,True
50396,4921,553,2147.8474441171093,2008.9869460176867,5645.332271859816,3887.688284644759,3636.345325842129,1012.0831434706924,1831.9102647324326,16.32638665873207,-26.44434532614453,-42.63984031975269,0.0013537841440121581,,,,,,,1.5122287273406982,3.1376802921295166,23.0,168.73046875,166.0819696268174,40.81329770941195,20.0,204.0,289.42529296875,2604.1616946081394,1401.7608524228692,41.75973129272461,16.39948081970215,-26.150537490844727,-0.1888606995344162,-103082130,-558389275,-558389275,-851609650,-851609650,-882033860,-103082130,368395560000000000,368395560000000000,368395560000000000,-5372194750,,850421235,897031410,850421235,897772750,933218350,897772750,104824500,368395560000000000,368395560000000000,368395560000000000,6487733560,,103082130,558389275,558389275,851609650,851609650,882033860,103082130,368395560000000000,368395560000000000,368395560000000000,5372194750,139550.953125,54.73646557331085,36,464,8,3075.0808873176575,43.96217842074884,6035.535728761868,297810.0,0.0,0.0,37.78800582885742,1.8143725395202637,0.0,41.75973129272461,0.10142874717712402,66.50863277559665,2843.993408203125,0.6441330909729004,1197.1720219338126,17.12080955505371,-27.731096267700195,-42.82870101928711,2000000,1480320877717180980,none,161128_0812,6.4.2,0.11.1,False,81.64729862034179,False,True,True,True,True,True,True,True,True,True,True,True,0.08647533790358139,True,True,True,True,True,True,True,True,True,True,32.590425281497545,True,True,True
52043,4894,14734,1864.3681309703613,1724.7638414992941,4995.684912093204,3535.673033146223,3270.92107059391,721.7292784883757,1368.7204285428743,14.828836359803441,-25.183129280409727,-52.94736133515835,0.0015336751602176043,,,,,,,1.6531579494476318,2.842662811279297,25.0,158.0425262451172,149.7994383038755,46.14679416437022,20.0,189.0,271.93499755859375,2387.050639155717,1546.737806428464,36.84882354736328,14.666717529296875,-25.829683303833008,-0.12446178495883942,-243136295,-734218630,-243136295,-241734660,-241734660,-243308430,208882495,368395560000000000,368395560000000000,368395560000000000,420776560,14467.5966796875,410680090,1365949315,991064260,410493910,412464050,410493910,208882495,368395560000000000,368395560000000000,368395560000000000,420776560,14467.5966796875,243136295,734218630,243136295,241734660,241734660,243308430,243136295,368395560000000000,368395560000000000,368395560000000000,4786416550,340367.28125,44.29695796966553,35,453,7,2297.7983173131943,35.9096529784606,5400.041164116585,369390.0,0.0,0.0,38.56740188598633,0.0,0.0,36.84882354736328,0.1682441234588623,75.89026770692892,2090.44970703125,0.6547492742538452,1351.3778177346408,15.6676607131958,-26.607666015625,-53.07182312011719,2000000,1480228392682425860,none,161127_0548,6.4.2,0.11.1,False,81.11723443567806,False,True,True,True,True,True,True,True,True,True,True,True,0.9999999999999983,True,True,True,True,True,True,True,True,True,True,30.877880157531294,True,True,True
52341,4889,10165,4027.195821884138,3696.7320045262504,9420.297057808533,6235.21457347688,5723.565053282284,1695.2255722669652,2624.678724608035,-8.350408761714844,-11.418195816165522,-48.070080637931824,0.003151402326361097,,,,,,,0.6237075328826904,2.7263410091400146,33.0,198.84584045410156,136.3291846151413,40.26316319389071,30.0,211.0,306.129638671875,2294.3402866356005,1074.252611539226,53.76152420043945,-9.224196434020996,-12.235678672790527,-0.14849388599395752,170703575,-312925195,251208730,-1639310700,-1639310700,-1731352320,92468920,368395560000000000,368395560000000000,368395560000000000,-2202036800,409.998046875,170703575,652736105,251208730,32225624400,32239529050,32225624400,92468920,368395560000000000,368395560000000000,368395560000000000,5740793150,409.998046875,312925195,312925195,312925195,1639310700,1639310700,1731352320,151341715,368395560000000000,368395560000000000,368395560000000000,2202036800,36059.1875,61.38973730802536,38,597,14,4742.5979724526405,54.467435937473965,10262.410395361017,335520.0,0.0,0.0,50.52242660522461,1.939378261566162,0.0,53.76152420043945,0.14274084568023682,79.12158609908894,4319.904296875,0.6075779795646667,1181.8180217822228,-8.718588829040527,-11.921638488769531,-48.21857452392578,2000000,1480209457937231980,none,161127_0046,6.4.2,0.11.1,False,85.3446952444219,False,True,True,True,True,True,True,True,True,True,True,True,0.4931882704265685,True,True,True,True,True,True,True,True,True,True,14.769538091178795,True,True,True
52939,4878,5087,2895.65898533675,2780.6976957515235,7493.086050850111,4907.210770766511,4712.388355098587,1314.6052830931148,2227.833193469385,-10.844217246373484,18.626182697716775,-43.47360189259052,0.005344242357882223,,,,,,,0.9007160067558289,2.6030447483062744,23.0,151.57235717773438,154.63663822719695,47.30104440930185,21.0,203.0,348.2618103027344,2266.6651671345107,954.654829046887,34.3610954284668,-11.088861465454102,19.886608123779297,-0.17404977977275848,-58057480,-140646550,-58057480,-12549395190,-12549395190,-12589286860,-58057480,368395560000000000,368395560000000000,368395560000000000,1174352730,233238.90625,625913340,733747095,733747095,21608931280,21620284450,21608931280,625913340,368395560000000000,368395560000000000,368395560000000000,1174352730,233238.90625,58057480,140646550,58057480,12549395190,12549395190,12589286860,58057480,368395560000000000,368395560000000000,368395560000000000,2151702610,243114.265625,50.58845740556717,48,524,10,3821.0763318538666,36.51543484815875,7802.86975610326,303600.0,0.0,0.0,32.19234085083008,0.0,0.0,34.3610954284668,0.1916806548833847,69.58702551486604,3542.4384765625,0.6288982033729553,1138.4854704199963,-11.297405242919922,19.404584884643555,-43.64765167236328,2000000,1480168804460511140,none,161126_1344,6.4.2,0.11.1,True,71.80600839778678,True,True,True,True,True,True,True,True,True,True,True,True,1.0,True,True,True,True,True,True,True,True,True,True,22.453714164211043,True,True,True
54170,4856,13871,2752.4204437241624,2449.348639470065,6803.388873174667,4892.790335735519,4354.0402337046025,1723.758230850508,3064.207589461992,3.61577684440369,1.598642056412289,-25.187039986252785,0.0028806937782420252,,1534.3500397693017,1923.6653929833947,8.471174240112305,-41.684349060058594,-62.43983840942383,0.06606481969356537,2.698561668395996,26.0,154.72122192382812,147.02558785708788,44.32925727714308,20.0,211.0,421.2688903808594,1637.3762776606995,735.2904649729613,35.522483825683594,2.5893821716308594,1.8691332340240479,-0.1983722299337387,156589235,-416214840,-416214840,9401126660,9434832670,9401126660,150696010,368395560000000000,368395560000000000,368395560000000000,-782525650,85213.8828125,156589235,894852820,880320725,9401126660,9434832670,9401126660,150696010,368395560000000000,368395560000000000,368395560000000000,1270722160,85213.8828125,416214840,416214840,416214840,18667539450,18667539450,18683530840,416214840,368395560000000000,368395560000000000,368395560000000000,782525650,1198987.5,44.84679237008095,41,583,14,5288.495645642281,42.96625500805658,7645.210779459681,176610.0,0.0,0.0,72.20938110351562,0.0,0.0,35.522483825683594,0.33319413661956787,78.93210606231295,4787.9658203125,0.6399810910224915,897.2357957412237,3.676199436187744,1.625356674194336,-25.385412216186523,2000000,1480090884782377600,none,161125_1538,6.4.2,0.11.1,True,71.50105040557614,True,True,True,True,True,True,True,True,True,True,True,True,0.46302533507398747,True,True,True,True,True,True,True,True,True,True,4.019480888494827,True,True,True
54468,4839,9242,2332.098349361395,2271.9732575767557,6432.712635576162,4270.848436792201,4160.739377999406,857.4862744855927,1570.3428270769073,10.344937536903121,24.597166618938655,-53.78544143587351,0.0011853445368870197,,,,,,,1.483082890510559,4.1981916427612305,34.0,180.4625701904297,140.7914914039934,36.71668884614684,30.0,203.0,232.03219604492188,2358.810343100383,1170.8165411683829,49.747291564941406,10.072881698608398,24.882919311523438,-0.12146469205617905,136183215,-622755380,352812775,11087850860,11127981500,11087850860,136183215,368395560000000000,368395560000000000,368395560000000000,1124581510,119476.4765625,136183215,1469000095,352812775,11087850860,11127981500,11087850860,136183215,368395560000000000,368395560000000000,368395560000000000,1124581510,119476.4765625,401281075,622755380,622755380,25803642060,25803642060,25811425610,401281075,368395560000000000,368395560000000000,368395560000000000,3341070300,138784.453125,60.424148976802826,29,436,5,2594.5643706321716,49.28159388160566,6602.946786153596,375210.0,0.0,0.0,33.69118118286133,0.0,0.0,49.747291564941406,0.14775696396827698,62.05009046673587,2427.8291015625,0.646809458732605,1308.9362741400578,10.919902801513672,25.964262008666992,-53.90690612792969,2000000,1480064346012734710,none,161125_0830,6.4.2,0.11.1,True,48.57769876301797,True,True,True,True,True,True,True,True,True,True,True,True,0.581688598119825,True,True,True,True,True,True,True,True,True,True,28.167129403778695,True,True,True
55578,4809,7258,2823.1888354467806,2696.77265358725,7798.011785886583,5340.369106047729,5101.2391322993335,600.4256985193933,1135.7705905431067,24.80775288055522,-3.5242601967192395,-81.08496351540089,0.0072838444943484956,,,,,,,2.480722188949585,3.754728078842163,32.0,218.8984832763672,159.4841364364986,48.165145207472776,23.0,189.0,246.53408813476562,2285.245453949303,898.4936778992619,52.19218063354492,25.199922561645508,-2.706429958343506,0.15899915993213654,-115016270,-115016270,-115016270,-99828580,-99828580,-115320530,-115016270,368395560000000000,368395560000000000,368395560000000000,-887424080,31212.8984375,623541930,1003008710,709030660,500639980,502223420,500639980,500689755,368395560000000000,368395560000000000,368395560000000000,1105512150,31212.8984375,115016270,115016270,115016270,99828580,99828580,115320530,115016270,368395560000000000,368395560000000000,368395560000000000,887424080,837760.625,73.29382330179214,40,416,5,1891.1408382058144,40.475708010046446,8163.55794149451,564790.0,0.0,0.0,30.170751571655273,2.431220293045044,0.0,52.19218063354492,0.2567830979824066,101.94266817972768,1736.1962890625,0.6541717648506165,1243.8351165453048,27.26381492614746,-3.8731753826141357,-80.92596435546875,2000000,1479961310998591070,none,161124_0359,6.4.2,0.11.1,True,63.606346890878136,True,True,True,True,True,True,True,True,True,True,True,True,0.00247221374047489,True,True,True,True,True,True,True,True,True,True,27.537557841459165,True,True,True
56034,4800,12245,2583.5323492659486,2475.048904154897,7702.009667953043,5456.062786859275,5226.960763798146,704.2761336718686,1487.3337296093814,27.772017305025663,17.36701669101147,-67.40352128259838,0.0014931340913533044,,,,,,,2.557830572128296,2.7201945781707764,37.0,205.1422882080078,131.1852508351551,37.06812888869151,36.0,188.0,290.27801513671875,2725.341332328106,1379.5874445599898,61.15478515625,26.477373123168945,19.416364669799805,-0.024716632440686226,-162646990,-858612445,-405075340,-159779680,-159779680,-162804660,-162646990,368395560000000000,368395560000000000,368395560000000000,-2575220730,377822.625,1264737105,2375460290,1264737105,1264527700,1267361530,1264527700,1264737105,368395560000000000,368395560000000000,368395560000000000,7637732640,377822.625,162646990,858612445,405075340,159779680,159779680,162804660,162646990,368395560000000000,368395560000000000,368395560000000000,2575220730,242853.765625,73.7804771065712,26,422,6,2409.303558886051,54.273321925720666,8039.595136125223,469780.0,0.0,0.0,42.02395248413086,0.0,0.0,61.15478515625,0.13859973847866058,65.51312106660914,2191.60986328125,0.6786489486694336,1274.7763171783981,29.940719604492188,18.72319793701172,-67.42823791503906,2000000,1479929733118358620,none,161123_1857,6.4.2,0.11.1,True,40.07627303282201,True,True,True,True,True,True,True,True,True,True,True,True,1.0,True,True,True,True,True,True,True,True,True,True,35.31295557473691,True,True,True
